rk,player_name,pos,year,age,tm,games,games_started,passing_cmp,passing_att,passing_yds,passing_td,passing_int,rushing_att,rushing_yds,rushing_y/a,rushing_td,receiving_tgt,receiving_rec,receiving_yds,receiving_y/r,receiving_td,scoring_2pm,fumbles,fumbles_lost,fantasy_posrank,fantasy_ovrank
1,Antonio Brown ,WR,2015,27,PIT,16,16,0,0,0,0,0,3,28,9.33,0,193,136,1834,13.49,10,2,3,2,1,1
2,Devonta Freeman ,RB,2015,23,ATL,15,13,0,0,0,0,0,265,1056,3.98,11,97,73,578,7.92,3,0,3,2,1,2
3,Julio Jones ,WR,2015,26,ATL,16,16,0,0,0,0,0,0,0,0,0,203,136,1871,13.76,8,0,3,1,2,3
4,Adrian Peterson,RB,2015,30,MIN,16,16,0,0,0,0,0,327,1485,4.54,11,36,30,222,7.40,0,0,7,3,2,4
5,Cam Newton,QB,2015,26,CAR,16,16,296,495,3837,35,10,132,636,4.82,10,0,0,0,0,0,0,5,4,1,5
6,Brandon Marshall,WR,2015,31,NYJ,16,16,0,0,0,0,0,0,0,0,0,173,109,1502,13.78,14,0,3,2,3,6
7,Allen Robinson,WR,2015,22,JAX,16,16,0,0,0,0,0,0,0,0,0,151,80,1400,17.50,14,0,0,0,4,7
8,Odell Beckham Jr.,WR,2015,23,NYG,15,15,0,0,0,0,0,1,3,3.00,0,158,96,1450,15.10,13,0,2,0,5,8
9,Rob Gronkowski,TE,2015,26,NWE,15,15,0,0,0,0,0,0,0,0,0,120,72,1176,16.33,11,0,0,0,1,9
10,DeAndre Hopkins,WR,2015,23,HOU,16,16,0,0,0,0,0,0,0,0,0,192,111,1521,13.70,11,1,1,0,6,10
11,Doug Martin ,RB,2015,26,TAM,16,16,0,0,0,0,0,288,1402,4.87,6,44,33,271,8.21,1,0,5,5,3,11
12,Gary Barnidge,TE,2015,30,CLE,16,13,0,0,0,0,0,0,0,0,0,125,79,1043,13.20,9,0,0,0,2,12
13,Jordan Reed,TE,2015,25,WAS,14,8,0,0,0,0,0,0,0,0,0,114,87,952,10.94,11,0,3,2,3,13
14,DeAngelo Williams,RB,2015,32,PIT,16,10,0,0,0,0,0,200,907,4.54,11,47,40,367,9.18,0,1,4,2,4,14
15,Doug Baldwin,WR,2015,27,SEA,16,16,0,0,0,0,0,0,0,0,0,103,78,1069,13.71,14,0,1,0,7,15
16,Todd Gurley,RB,2015,21,STL,13,12,0,0,0,0,0,229,1106,4.83,10,26,21,188,8.95,0,0,3,1,5,16
17,A.J. Green,WR,2015,27,CIN,16,16,0,0,0,0,0,0,0,0,0,132,86,1297,15.08,10,0,1,1,8,17
18,Greg Olsen,TE,2015,30,CAR,16,16,0,0,0,0,0,0,0,0,0,124,77,1104,14.34,7,0,1,1,4,18
19,Delanie Walker,TE,2015,31,TEN,15,10,0,0,0,0,0,1,36,36.00,0,133,94,1088,11.57,6,1,0,0,5,19
20,Lamar Miller,RB,2015,24,MIA,16,16,0,0,0,0,0,194,872,4.49,8,57,47,397,8.45,2,0,1,1,6,20
21,Tom Brady ,QB,2015,38,NWE,16,16,402,624,4770,36,7,34,53,1.56,3,1,1,36,36.00,0,0,6,2,2,21
22,Russell Wilson ,QB,2015,27,SEA,16,16,329,483,4024,34,8,103,553,5.37,1,0,0,0,0,0,0,7,3,3,22
23,Tyler Eifert,TE,2015,25,CIN,13,12,0,0,0,0,0,0,0,0,0,74,52,615,11.83,13,0,0,0,6,23
24,David Johnson,RB,2015,24,ARI,16,5,0,0,0,0,0,125,581,4.65,8,57,36,457,12.69,4,0,4,1,7,24
25,Matt Forte,RB,2015,30,CHI,13,13,0,0,0,0,0,218,898,4.12,4,58,44,389,8.84,3,1,2,1,8,25
26,Chris Ivory,RB,2015,27,NYJ,15,14,0,0,0,0,0,247,1070,4.33,7,37,30,217,7.23,1,0,4,2,9,26
27,Calvin Johnson ,WR,2015,30,DET,16,16,0,0,0,0,0,0,0,0,0,149,88,1214,13.80,9,0,1,1,9,27
28,Eric Decker,WR,2015,28,NYJ,15,13,0,0,0,0,0,0,0,0,0,132,80,1027,12.84,12,0,1,1,10,28
29,Larry Fitzgerald,WR,2015,32,ARI,16,16,0,0,0,0,0,0,0,0,0,145,109,1215,11.15,9,0,2,2,11,29
30,Brandin Cooks,WR,2015,22,NOR,16,12,0,0,0,0,0,8,18,2.25,0,129,84,1138,13.55,9,0,1,0,12,30
31,Latavius Murray,RB,2015,25,OAK,16,16,0,0,0,0,0,266,1066,4.01,6,53,41,232,5.66,0,0,4,1,10,31
32,Demaryius Thomas,WR,2015,28,DEN,16,16,0,0,0,0,0,0,0,0,0,177,105,1304,12.42,6,0,2,2,13,32
33,Danny Woodhead,RB,2015,30,SDG,16,2,0,0,0,0,0,98,336,3.43,3,106,80,755,9.44,6,0,0,0,11,33
34,Blake Bortles,QB,2015,23,JAX,16,16,355,606,4428,35,18,52,310,5.96,2,0,0,0,0,0,0,14,5,4,34
35,Allen Hurns,WR,2015,24,JAX,15,15,0,0,0,0,0,0,0,0,0,105,64,1031,16.11,10,0,2,1,14,35
36,Frank Gore,RB,2015,32,IND,16,16,0,0,0,0,0,260,967,3.72,6,58,34,267,7.85,1,0,4,3,12,36
37,Jarvis Landry,WR,2015,23,MIA,16,14,1,1,9,0,0,18,113,6.28,1,166,110,1157,10.52,4,1,1,0,15,37
38,Sammy Watkins,WR,2015,22,BUF,13,13,0,0,0,0,0,1,1,1.00,0,96,60,1047,17.45,9,0,0,0,16,38
39,Jeremy Hill,RB,2015,23,CIN,16,15,0,0,0,0,0,223,794,3.56,11,19,15,79,5.27,1,1,3,3,13,39
40,Darren McFadden,RB,2015,28,DAL,16,10,0,1,0,0,0,239,1089,4.56,3,53,40,328,8.20,0,1,3,3,14,40
41,Jeremy Maclin,WR,2015,27,KAN,15,15,0,0,0,0,0,3,14,4.67,0,124,87,1088,12.51,8,0,2,1,17,41
42,Travis Kelce,TE,2015,26,KAN,16,16,0,0,0,0,0,0,0,0,0,103,72,875,12.15,5,2,2,2,7,42
43,Mark Ingram,RB,2015,26,NOR,12,10,0,0,0,0,0,166,769,4.63,6,60,50,405,8.10,0,1,2,1,15,43
44,Ben Watson,TE,2015,35,NOR,16,16,0,0,0,0,0,0,0,0,0,110,74,825,11.15,6,0,1,1,8,44
45,Carson Palmer,QB,2015,36,ARI,16,16,342,537,4671,35,11,25,24,0.96,1,0,0,0,0,0,0,6,2,5,45
46,Emmanuel Sanders,WR,2015,28,DEN,15,15,0,0,0,0,0,3,29,9.67,0,136,76,1135,14.93,6,0,2,2,18,46
47,Jonathan Stewart,RB,2015,28,CAR,13,13,0,0,0,0,0,242,989,4.09,6,21,16,99,6.19,1,0,3,2,16,47
48,LeSean McCoy,RB,2015,27,BUF,12,12,0,0,0,0,0,203,895,4.41,3,50,32,292,9.13,2,1,2,2,17,48
49,Michael Crabtree,WR,2015,28,OAK,16,15,0,0,0,0,0,0,0,0,0,146,85,922,10.85,9,0,1,0,19,49
50,Jordan Matthews,WR,2015,23,PHI,16,12,0,0,0,0,0,0,0,0,0,126,85,997,11.73,8,0,2,1,20,50
51,Drew Brees,QB,2015,36,NOR,15,15,428,627,4870,32,11,24,14,0.58,1,0,0,0,0,0,0,5,2,6,51
52,Aaron Rodgers ,QB,2015,32,GNB,16,16,347,572,3821,31,8,58,344,5.93,1,0,0,0,0,0,0,8,4,7,52
53,John Brown,WR,2015,25,ARI,15,11,0,0,0,0,0,3,22,7.33,0,101,65,1003,15.43,7,0,1,1,21,53
54,T.Y. Hilton,WR,2015,26,IND,16,15,0,0,0,0,0,0,0,0,0,134,69,1124,16.29,5,0,1,0,22,54
55,DeMarco Murray,RB,2015,27,PHI,15,8,0,0,0,0,0,193,702,3.64,6,55,44,322,7.32,1,0,2,2,18,55
56,James Jones,WR,2015,31,GNB,16,15,0,0,0,0,0,0,0,0,0,99,50,890,17.80,8,2,1,0,23,56
57,Amari Cooper,WR,2015,21,OAK,16,15,0,0,0,0,0,3,-3,-1.00,0,130,72,1070,14.86,6,0,1,1,25,57
58,Tavon Austin,WR,2015,25,STL,16,15,0,0,0,0,0,52,434,8.35,4,87,52,473,9.10,5,0,2,2,24,58
59,Ted Ginn Jr.,WR,2015,30,CAR,15,13,0,0,0,0,0,4,60,15.00,0,97,44,739,16.80,10,0,0,0,26,59
60,Richard Rodgers,TE,2015,23,GNB,16,12,0,0,0,0,0,1,11,11.00,0,85,58,510,8.79,8,1,0,0,9,60
61,Ronnie Hillman,RB,2015,24,DEN,16,10,0,0,0,0,0,207,863,4.17,7,35,24,111,4.63,0,0,3,1,19,61
62,Rashad Jennings,RB,2015,30,NYG,16,16,0,0,0,0,0,195,863,4.43,3,40,29,296,10.21,1,0,2,2,20,62
63,Mike Evans,WR,2015,22,TAM,15,14,0,0,0,0,0,0,0,0,0,148,74,1206,16.30,3,0,1,1,27,63
64,Kirk Cousins,QB,2015,27,WAS,16,16,379,543,4166,29,11,26,48,1.85,5,0,0,0,0,0,0,9,3,8,64
65,Giovani Bernard,RB,2015,24,CIN,16,1,0,0,0,0,0,154,730,4.74,2,66,49,472,9.63,0,0,1,0,21,65
66,Zach Ertz,TE,2015,25,PHI,15,7,0,0,0,0,0,0,0,0,0,112,75,853,11.37,2,0,1,1,10,66
67,Matthew Stafford,QB,2015,27,DET,16,16,398,592,4262,32,13,44,159,3.61,1,1,1,-6,-6.00,0,0,4,2,9,67
68,Charles Sims,RB,2015,25,TAM,16,0,0,0,0,0,0,107,529,4.94,0,70,51,561,11.00,4,0,2,2,22,68
69,Antonio Gates,TE,2015,35,SDG,11,4,0,0,0,0,0,0,0,0,0,85,56,630,11.25,5,0,0,0,11,69
70,Jeremy Langford,RB,2015,24,CHI,16,2,0,0,0,0,0,148,537,3.63,6,42,22,279,12.68,1,1,0,0,23,70
71,Travis Benjamin,WR,2015,26,CLE,16,15,0,0,0,0,0,4,12,3.00,0,125,68,966,14.21,5,0,3,2,28,71
72,Rueben Randle,WR,2015,24,NYG,16,16,0,0,0,0,0,0,0,0,0,90,57,797,13.98,8,0,0,0,29,72
73,Eli Manning,QB,2015,34,NYG,16,16,387,618,4432,35,14,20,61,3.05,0,0,0,0,0,0,0,11,4,10,73
74,Philip Rivers,QB,2015,34,SDG,16,16,437,661,4792,29,13,17,28,1.65,0,0,0,0,0,0,0,4,2,11,74
75,Ryan Fitzpatrick,QB,2015,33,NYJ,16,16,335,562,3905,31,15,60,270,4.50,2,0,0,0,0,0,0,5,2,12,75
76,James Starks,RB,2015,29,GNB,16,4,0,0,0,0,0,148,601,4.06,2,53,43,392,9.12,3,0,5,3,24,76
77,Kamar Aiken,WR,2015,26,BAL,16,14,0,0,0,0,0,0,0,0,0,127,75,944,12.59,5,0,1,1,30,77
78,Richie Brockel,0,2015,29,CAR,2,0,0,0,0,0,0,0,0,0,0,0,0,0,0,0,0,0,0,3,78
79,Jameis Winston,QB,2015,21,TAM,16,16,312,535,4042,22,15,54,213,3.94,6,0,0,0,0,0,0,6,2,13,0
80,Tyrod Taylor ,QB,2015,26,BUF,14,14,242,380,3035,20,6,104,568,5.46,4,1,1,4,4.00,0,1,9,1,14,0
81,Derek Carr,QB,2015,24,OAK,16,16,350,573,3987,32,13,33,138,4.18,0,0,0,0,0,0,0,10,3,15,0
82,Alex Smith,QB,2015,31,KAN,16,16,307,470,3486,20,7,84,498,5.93,2,0,0,0,0,0,0,4,0,16,0
83,Ryan Tannehill,QB,2015,27,MIA,16,16,363,586,4208,24,12,32,141,4.41,1,1,1,9,9.00,0,0,10,3,17,0
84,Andy Dalton,QB,2015,28,CIN,13,13,255,386,3250,25,7,57,142,2.49,3,0,0,0,0,0,0,5,2,18,0
85,Matt Ryan,QB,2015,30,ATL,16,16,407,614,4591,21,16,36,63,1.75,0,0,0,0,0,0,0,12,5,19,0
86,Ben Roethlisberger,QB,2015,33,PIT,12,11,319,469,3938,21,16,15,29,1.93,0,0,0,-3,0,0,0,2,0,20,0
87,Jay Cutler,QB,2015,32,CHI,15,15,311,483,3659,21,11,38,201,5.29,1,0,0,0,0,0,0,8,5,21,0
88,Marcus Mariota,QB,2015,22,TEN,12,12,230,370,2818,19,10,34,252,7.41,2,1,1,41,41.00,1,0,10,6,22,0
89,Teddy Bridgewater,QB,2015,23,MIN,16,16,292,447,3231,14,9,44,192,4.36,3,0,0,0,0,0,1,8,3,23,0
90,Sam Bradford,QB,2015,28,PHI,14,14,346,532,3725,19,14,26,39,1.50,0,0,0,0,0,0,0,10,3,24,0
91,Brian Hoyer,QB,2015,30,HOU,11,9,224,369,2606,19,7,15,44,2.93,0,0,0,0,0,0,0,6,2,25,0
92,Joe Flacco,QB,2015,30,BAL,10,10,266,413,2791,14,12,13,23,1.77,3,0,0,0,0,0,0,5,2,26,0
93,Josh McCown,QB,2015,36,CLE,8,8,186,292,2109,12,4,20,98,4.90,1,0,0,0,0,0,0,9,6,27,0
94,Andrew Luck,QB,2015,26,IND,7,7,162,293,1881,15,12,33,196,5.94,0,0,0,0,0,0,0,3,1,28,0
95,Blaine Gabbert,QB,2015,26,SFO,8,8,178,282,2031,10,7,32,185,5.78,1,0,0,0,0,0,0,4,1,29,0
96,Randall Cobb,WR,2015,25,GNB,16,15,0,0,0,0,0,13,50,3.85,0,129,79,829,10.49,6,0,1,0,31,0
97,Michael Floyd,WR,2015,26,ARI,15,6,0,0,0,0,0,0,0,0,0,89,52,849,16.33,6,0,0,0,33,0
98,Eddie Lacy,RB,2015,25,GNB,15,12,0,0,0,0,0,187,758,4.05,3,28,20,188,9.40,2,0,4,2,26,0
99,Thomas Rawls,RB,2015,22,SEA,13,7,0,0,0,0,0,147,830,5.65,4,11,9,76,8.44,1,0,1,1,25,0
100,Golden Tate,WR,2015,27,DET,16,16,0,0,0,0,0,6,41,6.83,0,128,90,813,9.03,6,0,1,1,32,0
101,Martavis Bryant,WR,2015,24,PIT,11,5,0,0,0,0,0,5,37,7.40,1,92,50,765,15.30,6,0,1,1,34,0
102,T.J. Yeldon,RB,2015,22,JAX,12,12,0,0,0,0,0,182,740,4.07,2,46,36,279,7.75,1,0,0,0,27,0
103,Isaiah Crowell,RB,2015,22,CLE,16,9,0,0,0,0,0,185,706,3.82,4,22,19,182,9.58,1,0,0,0,28,0
104,Brock Osweiler,QB,2015,25,DEN,8,7,170,275,1967,10,6,21,61,2.90,1,0,0,0,0,0,0,4,1,30,0
105,LeGarrette Blount,RB,2015,29,NWE,12,6,0,0,0,0,0,165,703,4.26,6,7,6,43,7.17,1,0,1,0,29,0
106,C.J. Anderson,RB,2015,24,DEN,15,6,0,0,0,0,0,152,720,4.74,5,36,25,183,7.32,0,0,2,2,30,0
107,Pierre Garcon,WR,2015,29,WAS,16,16,0,0,0,0,0,0,0,0,0,111,72,777,10.79,6,0,0,0,36,0
108,Willie Snead,WR,2015,23,NOR,15,8,0,0,0,0,0,0,0,0,0,101,69,984,14.26,3,0,2,1,35,0
109,Charcandrick West,RB,2015,24,KAN,15,9,0,0,0,0,0,160,634,3.96,4,34,20,214,10.70,1,0,1,1,32,0
110,Karlos Williams,RB,2015,22,BUF,11,3,0,0,0,0,0,93,517,5.56,7,14,11,96,8.73,2,0,2,1,31,0
111,Julian Edelman,WR,2015,29,NWE,9,9,0,0,0,0,0,3,23,7.67,0,88,61,692,11.34,7,0,1,1,37,0
112,Colin Kaepernick,QB,2015,28,SFO,9,8,144,244,1615,6,5,45,256,5.69,1,0,0,0,0,0,0,5,1,31,0
113,Marvin Jones,WR,2015,25,CIN,16,13,0,0,0,0,0,5,33,6.60,0,103,65,816,12.55,4,0,0,0,40,0
114,Donte Moncrief,WR,2015,22,IND,16,10,0,0,0,0,0,0,0,0,0,105,64,733,11.45,6,0,0,0,38,0
115,Markus Wheaton,WR,2015,24,PIT,16,8,0,0,0,0,0,0,0,0,0,79,44,749,17.02,5,1,0,0,39,0
116,Alshon Jeffery,WR,2015,25,CHI,9,8,0,0,0,0,0,0,0,0,0,94,54,807,14.94,4,0,1,0,41,0
117,Ryan Mathews,RB,2015,28,PHI,13,6,0,0,0,0,0,106,539,5.08,6,28,20,146,7.30,1,0,3,3,33,0
118,Anquan Boldin,WR,2015,35,SFO,14,13,0,0,0,0,0,0,0,0,0,111,69,789,11.43,4,0,1,1,42,0
119,Duke Johnson,RB,2015,22,CLE,16,7,0,0,0,0,0,104,379,3.64,0,74,61,534,8.75,2,0,1,0,34,0
120,Tyler Lockett,WR,2015,23,SEA,16,8,0,0,0,0,0,5,20,4.00,0,69,51,664,13.02,6,0,1,1,43,0
121,Terrance Williams,WR,2015,26,DAL,16,13,0,0,0,0,0,0,0,0,0,93,52,840,16.15,3,0,0,0,44,0
122,Javorius Allen,RB,2015,24,BAL,16,6,0,0,0,0,0,137,514,3.75,1,62,45,353,7.84,2,0,2,2,36,0
123,Chris Johnson,RB,2015,30,ARI,11,9,0,0,0,0,0,196,814,4.15,3,13,6,58,9.67,0,0,2,2,35,0
124,Jermaine Kearse,WR,2015,25,SEA,16,16,0,0,0,0,0,0,0,0,0,68,49,685,13.98,5,0,1,0,45,0
125,Shane Vereen,RB,2015,26,NYG,16,0,0,0,0,0,0,61,260,4.26,0,81,59,495,8.39,4,0,1,0,37,0
126,Theo Riddick,RB,2015,24,DET,16,1,0,0,0,0,0,43,133,3.09,0,99,80,697,8.71,3,0,1,1,38,0
127,Keenan Allen,WR,2015,23,SDG,8,8,0,0,0,0,0,0,0,0,0,89,67,725,10.82,4,0,1,1,47,0
128,Alfred Blue,RB,2015,24,HOU,16,9,0,0,0,0,0,183,698,3.81,2,16,15,109,7.27,1,0,2,1,39,0
129,Stefon Diggs,WR,2015,22,MIN,13,9,0,0,0,0,0,3,13,4.33,0,84,52,720,13.85,4,0,2,0,46,0
130,Nick Foles,QB,2015,26,STL,11,11,190,337,2052,7,10,17,20,1.18,1,0,0,0,0,0,0,5,2,32,0
131,Matt Jones,RB,2015,22,WAS,13,0,0,0,0,0,0,144,490,3.40,3,25,19,304,16.00,1,0,5,4,40,0
132,Peyton Manning,QB,2015,39,DEN,10,9,198,331,2249,9,17,6,-6,-1.00,0,0,0,0,0,0,0,1,0,33,0
133,Johnny Manziel,QB,2015,23,CLE,9,6,129,223,1500,7,5,37,230,6.22,0,0,0,0,0,0,0,6,3,34,0
134,Darren Sproles,WR,2015,32,PHI,16,4,0,0,0,0,0,83,317,3.82,3,83,55,388,7.05,1,0,1,0,48,0
135,Justin Forsett,RB,2015,30,BAL,10,10,0,0,0,0,0,151,641,4.25,2,41,31,153,4.94,0,0,0,0,41,0
136,Ameer Abdullah,RB,2015,22,DET,16,9,0,0,0,0,0,143,597,4.17,2,38,25,183,7.32,1,0,5,2,42,0
137,Torrey Smith,WR,2015,26,SFO,16,12,0,0,0,0,0,0,0,0,0,62,33,663,20.09,4,1,0,0,49,0
138,Antonio Andrews,RB,2015,23,TEN,14,10,1,1,41,1,0,143,520,3.64,3,29,21,174,8.29,0,0,1,1,43,0
139,Matt Hasselbeck,QB,2015,40,IND,8,8,156,256,1690,9,5,16,15,0.94,0,0,0,0,0,0,0,3,2,35,0
140,Rishard Matthews,WR,2015,26,MIA,11,11,0,0,0,0,0,1,4,4.00,0,61,43,662,15.40,4,0,0,0,50,0
141,Nate Washington,WR,2015,32,HOU,14,14,0,0,0,0,0,0,0,0,0,94,47,658,14.00,4,0,0,0,51,0
142,Bilal Powell,RB,2015,27,NYJ,11,2,0,0,0,0,0,70,313,4.47,1,63,47,388,8.26,2,0,2,0,44,0
143,Le'Veon Bell,RB,2015,23,PIT,6,6,0,0,0,0,0,113,556,4.92,3,26,24,136,5.67,0,0,0,0,45,0
144,Alfred Morris,RB,2015,27,WAS,16,16,0,0,0,0,0,202,751,3.72,1,13,10,55,5.50,0,0,0,0,46,0
145,Jason Witten,TE,2015,33,DAL,16,16,0,0,0,0,0,0,0,0,0,104,77,713,9.26,3,0,1,1,12,0
146,Joique Bell,RB,2015,29,DET,13,5,0,0,0,0,0,90,311,3.46,4,27,22,286,13.00,0,0,1,0,47,0
147,Kenny Britt,WR,2015,27,STL,16,14,0,0,0,0,0,0,0,0,0,72,36,681,18.92,3,0,0,0,52,0
148,Steve Smith,WR,2015,36,BAL,7,7,0,0,0,0,0,0,0,0,0,73,46,670,14.57,3,0,0,0,53,0
149,Eric Ebron,TE,2015,22,DET,14,8,0,0,0,0,0,0,0,0,0,70,47,537,11.43,5,0,0,0,13,0
150,Dion Lewis,RB,2015,25,NWE,7,6,0,0,0,0,0,49,234,4.78,2,50,36,388,10.78,2,0,2,1,48,0
151,Danny Amendola,WR,2015,30,NWE,14,7,1,1,36,0,0,2,11,5.50,0,87,65,648,9.97,3,0,1,1,54,0
152,James White,RB,2015,23,NWE,14,1,0,0,0,0,0,22,56,2.55,2,54,40,410,10.25,4,0,0,0,49,0
153,Dorial Green-Beckham,WR,2015,22,TEN,16,5,0,0,0,0,0,0,0,0,0,67,32,549,17.16,4,1,0,0,55,0
154,Cole Beasley,WR,2015,26,DAL,16,3,0,0,0,0,0,0,0,0,0,75,52,536,10.31,5,0,2,2,57,0
155,Jamaal Charles,RB,2015,29,KAN,5,5,0,0,0,0,0,71,364,5.13,4,29,21,177,8.43,1,0,2,2,50,0
156,Seth Roberts,WR,2015,24,OAK,16,5,0,0,0,0,0,0,0,0,0,55,32,480,15.00,5,1,0,0,56,0
157,Kyle Rudolph,TE,2015,26,MIN,16,16,0,0,0,0,0,0,0,0,0,73,49,495,10.10,5,0,0,0,14,0
158,Marques Colston,WR,2015,32,NOR,13,5,0,0,0,0,0,0,0,0,0,67,45,520,11.56,4,0,0,0,58,0
159,Julius Thomas,TE,2015,27,JAX,12,10,0,0,0,0,0,0,0,0,0,80,46,455,9.89,5,0,0,0,15,0
160,Spencer Ware,RB,2015,24,KAN,11,2,0,0,0,0,0,72,403,5.60,6,6,6,5,0.83,0,0,0,0,51,0
161,Andre Johnson,WR,2015,34,IND,16,14,0,0,0,0,0,0,0,0,0,77,41,503,12.27,4,0,0,0,59,0
162,Jamison Crowder,WR,2015,22,WAS,16,6,0,1,0,0,0,2,2,1.00,0,78,59,604,10.24,2,2,4,1,62,0
163,Devin Funchess,WR,2015,21,CAR,16,5,0,0,0,0,0,0,0,0,0,63,31,473,15.26,5,0,1,1,60,0
164,Melvin Gordon,RB,2015,22,SDG,14,12,0,0,0,0,0,184,641,3.48,0,37,33,192,5.82,0,0,6,4,52,0
165,Jimmy Graham,TE,2015,29,SEA,11,11,0,0,0,0,0,0,0,0,0,74,48,605,12.60,2,0,0,0,16,0
166,DeSean Jackson,WR,2015,29,WAS,9,9,0,0,0,0,0,0,0,0,0,49,30,528,17.60,4,0,1,1,61,0
167,Tim Hightower,RB,2015,29,NOR,8,3,0,0,0,0,0,96,375,3.91,4,13,12,129,10.75,0,0,0,0,53,0
168,Vincent Jackson,WR,2015,32,TAM,10,9,0,0,0,0,0,0,0,0,0,62,33,543,16.45,3,1,0,0,63,0
169,Zach Miller,TE,2015,31,CHI,15,14,0,0,0,0,0,0,0,0,0,46,34,439,12.91,5,0,0,0,17,0
170,Corey Brown,WR,2015,24,CAR,14,11,0,0,0,0,0,6,38,6.33,0,54,31,447,14.42,4,0,0,0,64,0
171,Malcom Floyd,WR,2015,34,SDG,15,13,0,0,0,0,0,0,0,0,0,68,30,561,18.70,3,0,1,1,65,0
172,Jacob Tamme,TE,2015,30,ATL,15,8,0,0,0,0,0,0,0,0,0,81,59,657,11.14,1,0,0,0,18,0
173,Charles Clay,TE,2015,26,BUF,13,13,0,0,0,0,0,0,0,0,0,77,51,528,10.35,3,0,1,0,20,0
174,Ladarius Green,TE,2015,25,SDG,13,11,0,0,0,0,0,0,0,0,0,63,37,429,11.59,4,2,0,0,19,0
175,Ryan Mallett,QB,2015,27,2TM,8,6,136,244,1336,5,6,5,15,3.00,1,0,0,0,0,0,0,0,0,36,0
176,Robert Woods,WR,2015,23,BUF,14,9,0,0,0,0,0,1,0,0.00,0,80,47,552,11.74,3,0,2,1,66,0
177,Owen Daniels,TE,2015,33,DEN,16,16,0,0,0,0,0,0,0,0,0,77,46,517,11.24,3,0,0,0,21,0
178,Carlos Hyde,RB,2015,25,SFO,7,7,0,0,0,0,0,115,470,4.09,3,15,11,53,4.82,0,0,1,0,54,0
179,Marshawn Lynch,RB,2015,29,SEA,7,6,0,0,0,0,0,111,417,3.76,3,21,13,80,6.15,0,1,0,0,55,0
180,Coby Fleener,WR,2015,27,IND,16,11,0,0,0,0,0,0,0,0,0,84,54,491,9.09,3,1,0,0,68,0
181,DeVante Parker,WR,2015,22,MIA,14,4,0,0,0,0,0,0,0,0,0,50,26,494,19.00,3,0,0,0,67,0
182,Jerricho Cotchery,WR,2015,33,CAR,14,3,0,0,0,0,0,1,16,16.00,0,54,39,485,12.44,3,0,0,0,69,0
183,Steve Johnson,WR,2015,29,SDG,10,8,0,0,0,0,0,0,0,0,0,65,45,497,11.04,3,0,1,0,71,0
184,Heath Miller,TE,2015,33,PIT,15,15,0,0,0,0,0,1,2,2.00,0,81,60,535,8.92,2,1,0,0,22,0
185,Cecil Shorts,WR,2015,28,HOU,11,4,1,1,21,1,0,10,47,4.70,0,75,42,484,11.52,2,0,2,1,70,0
186,Matt Cassel,QB,2015,33,2TM,10,8,119,204,1276,5,7,15,78,5.20,0,0,0,0,0,0,0,4,0,37,0
187,Mike Tolbert,RB,2015,30,CAR,16,3,0,0,0,0,0,62,256,4.13,1,23,18,154,8.56,3,0,0,0,56,0
188,Brandon Weeden,QB,2015,32,2TM,6,4,97,140,1043,5,2,16,47,2.94,1,0,0,0,0,0,0,2,1,38,0
189,Crockett Gillmore,TE,2015,24,BAL,10,10,0,0,0,0,0,0,0,0,0,47,33,412,12.48,4,0,0,0,23,0
190,Dwayne Harris,RB,2015,28,NYG,15,6,0,0,0,0,0,2,12,6.00,0,57,36,396,11.00,4,0,3,0,57,0
191,Dontrelle Inman,WR,2015,26,SDG,14,7,0,0,0,0,0,0,0,0,0,63,35,486,13.89,3,0,2,1,72,0
192,Brian Hartline,WR,2015,29,CLE,12,4,0,0,0,0,0,0,0,0,0,77,46,523,11.37,2,0,1,0,73,0
193,Joseph Randle,RB,2015,24,DAL,6,6,0,0,0,0,0,76,315,4.14,4,10,10,86,8.60,0,0,1,0,58,0
194,Martellus Bennett,TE,2015,28,CHI,11,11,0,0,0,0,0,0,0,0,0,80,53,439,8.28,3,0,2,0,24,0
195,Jonathan Grimes,RB,2015,26,HOU,14,0,0,1,0,0,0,56,282,5.04,1,31,26,173,6.65,1,1,0,0,60,0
196,Jerick McKinnon,RB,2015,23,MIN,16,0,0,0,0,0,0,52,271,5.21,2,29,21,173,8.24,1,0,0,0,59,0
197,Kenny Stills,WR,2015,23,MIA,16,8,0,0,0,0,0,0,0,0,0,63,27,440,16.30,3,0,0,0,75,0
198,Will Tye,WR,2015,24,NYG,13,7,0,0,0,0,0,0,0,0,0,62,42,464,11.05,3,0,1,1,74,0
199,Dexter McCluster,WR,2015,26,TEN,11,2,0,0,0,0,0,55,247,4.49,1,41,31,260,8.39,1,1,2,2,76,0
200,Kendall Wright,WR,2015,26,TEN,10,9,0,0,0,0,0,5,17,3.40,0,60,36,408,11.33,3,0,0,0,77,0
201,Andre Ellington,RB,2015,26,ARI,10,2,0,0,0,0,0,45,289,6.42,3,24,15,148,9.87,0,0,1,1,61,0
202,Mike Wallace,WR,2015,29,MIN,16,12,0,0,0,0,0,1,6,6.00,0,72,39,473,12.13,2,0,0,0,78,0
203,Albert Wilson,WR,2015,23,KAN,14,12,0,0,0,0,0,5,26,5.20,0,57,35,451,12.89,2,0,0,0,79,0
204,Mohamed Sanu,WR,2015,26,CIN,16,4,0,0,0,0,0,10,71,7.10,2,49,33,394,11.94,0,0,2,0,80,0
205,Davante Adams,WR,2015,23,GNB,13,12,0,0,0,0,0,0,0,0,0,94,50,483,9.66,1,1,0,0,81,0
206,Dez Bryant,WR,2015,27,DAL,9,9,0,0,0,0,0,0,0,0,0,72,31,401,12.94,3,0,0,0,82,0
207,Brent Celek,TE,2015,30,PHI,16,13,0,0,0,0,0,0,0,0,0,35,27,398,14.74,3,0,1,0,25,0
208,Chris Hogan,WR,2015,28,BUF,16,4,1,1,4,0,0,1,4,4.00,0,59,36,450,12.50,2,0,0,0,83,0
209,Austin Seferian-Jenkins,TE,2015,23,TAM,7,3,0,0,0,0,0,0,0,0,0,39,21,338,16.10,4,0,0,0,26,0
210,Chris Thompson,RB,2015,25,WAS,13,0,0,0,0,0,0,35,216,6.17,0,48,35,240,6.86,2,0,2,0,62,0
211,Jordan Cameron,TE,2015,27,MIA,16,16,0,0,0,0,0,0,0,0,0,70,35,386,11.03,3,0,1,0,27,0
212,Brandon Coleman,WR,2015,23,NOR,16,4,0,0,0,0,0,0,0,0,0,49,30,454,15.13,2,0,0,0,84,0
213,Roddy White,WR,2015,34,ATL,16,16,0,0,0,0,0,0,0,0,0,70,43,506,11.77,1,0,0,0,85,0
214,Kyle Juszczyk,RB,2015,24,BAL,16,11,0,0,0,0,0,2,3,1.50,0,56,41,321,7.83,4,0,0,0,63,0
215,Lance Moore,WR,2015,32,DET,14,8,0,0,0,0,0,0,0,0,0,43,29,337,11.62,4,0,1,1,86,0
216,Chris Polk,RB,2015,26,HOU,15,2,0,0,0,0,0,99,334,3.37,1,28,16,109,6.81,1,0,0,0,64,0
217,Arian Foster,RB,2015,29,HOU,4,4,0,0,0,0,0,63,163,2.59,1,28,22,227,10.32,2,0,2,1,65,0
218,A.J. McCarron,QB,2015,25,CIN,7,3,79,119,854,6,2,14,31,2.21,0,0,0,0,0,0,0,1,1,39,0
219,Khiry Robinson,RB,2015,26,NOR,8,0,0,0,0,0,0,56,180,3.21,4,20,17,115,6.76,0,0,0,0,66,0
220,Clive Walford,TE,2015,24,OAK,16,2,0,0,0,0,0,0,0,0,0,50,28,329,11.75,3,0,0,0,28,0
221,Brandon LaFell,WR,2015,29,NWE,11,7,0,0,0,0,0,2,9,4.50,0,74,37,515,13.92,0,0,0,0,88,0
222,Marquess Wilson,WR,2015,23,CHI,11,6,0,0,0,0,0,0,0,0,0,51,28,464,16.57,1,0,0,0,87,0
223,Brandon Bolden,RB,2015,25,NWE,15,2,0,0,0,0,0,63,207,3.29,0,30,19,180,9.47,2,0,0,0,68,0
224,Harry Douglas,WR,2015,31,TEN,14,12,0,0,0,0,0,1,-6,-6.00,0,72,36,411,11.42,2,0,2,1,91,0
225,Shaun Draughn,RB,2015,28,2TM,11,6,0,0,0,0,0,78,273,3.50,1,35,27,176,6.52,0,0,1,0,67,0
226,Leonard Hankerson,WR,2015,27,3TM,10,0,0,0,0,0,0,0,0,0,0,46,26,327,12.58,3,0,0,0,89,0
227,Vance McDonald,WR,2015,25,SFO,14,11,0,0,0,0,0,0,0,0,0,46,30,326,10.87,3,0,2,0,90,0
228,Scott Chandler,TE,2015,30,NWE,15,4,0,0,0,0,0,0,0,0,0,42,23,259,11.26,4,0,0,0,29,0
229,Darren Fells,TE,2015,29,ARI,14,12,0,0,0,0,0,0,0,0,0,28,21,311,14.81,3,0,0,0,30,0
230,Josh Huff,WR,2015,24,PHI,15,4,0,0,0,0,0,0,0,0,0,42,27,312,11.56,3,0,0,0,92,0
231,Marcel Reece,RB,2015,30,OAK,15,7,0,0,0,0,0,10,36,3.60,0,37,30,269,8.97,3,0,0,0,69,0
232,Jared Cook,TE,2015,28,STL,16,12,0,0,0,0,0,0,0,0,0,75,39,481,12.33,0,1,2,1,31,0
233,Cameron Brate,TE,2015,24,TAM,14,4,0,0,0,0,0,0,0,0,0,30,23,288,12.52,3,0,0,0,32,0
234,Denard Robinson,WR,2015,25,JAX,13,3,0,0,0,0,0,67,266,3.97,1,30,21,164,7.81,0,0,3,1,93,0
235,C.J. Spiller,RB,2015,28,NOR,13,2,0,0,0,0,0,36,112,3.11,0,44,34,239,7.03,2,0,1,0,70,0
236,Mike Gillislee,RB,2015,25,BUF,5,1,0,0,0,0,0,47,267,5.68,3,7,6,29,4.83,0,0,1,1,72,0
237,Fred Jackson,RB,2015,34,SEA,16,0,0,0,0,0,0,26,100,3.85,0,41,32,257,8.03,2,0,1,1,71,0
238,Quinton Patton,WR,2015,25,SFO,16,4,0,0,0,0,0,1,5,5.00,0,57,30,394,13.13,1,0,0,0,94,0
239,Riley Cooper,WR,2015,28,PHI,16,13,0,0,0,0,0,0,0,0,0,41,21,327,15.57,2,0,0,0,97,0
240,Darrius Heyward-Bey,WR,2015,28,PIT,16,4,0,0,0,0,0,0,0,0,0,39,21,314,14.95,2,0,0,0,95,0
241,Jarius Wright,WR,2015,26,MIN,16,3,0,0,0,0,0,1,29,29.00,0,50,34,442,13.00,0,0,1,1,96,0
242,Andre Holmes,WR,2015,27,OAK,16,1,0,0,0,0,0,0,0,0,0,33,14,201,14.36,4,0,0,0,98,0
243,Case Keenum,QB,2015,27,STL,6,5,76,125,828,4,1,12,5,0.42,0,0,0,0,0,0,0,3,2,41,0
244,Zach Mettenberger,QB,2015,24,TEN,7,4,101,166,935,4,7,9,8,0.89,1,0,0,0,0,0,0,4,2,40,0
245,Anthony Fasano,TE,2015,31,TEN,16,11,0,0,0,0,0,0,0,0,0,42,26,289,11.12,2,0,0,0,33,0
246,Chris Givens,WR,2015,26,2TM,15,6,0,0,0,0,0,4,18,4.50,0,54,20,353,17.65,1,0,0,0,99,0
247,Bishop Sankey,RB,2015,23,TEN,13,3,0,0,0,0,0,47,193,4.11,1,22,14,139,9.93,1,0,2,1,73,0
248,Bryan Walters,WR,2015,28,JAX,11,1,0,1,0,0,0,0,0,0,0,45,32,368,11.50,1,0,0,0,100,0
249,JJ Nelson,WR,2015,23,ARI,11,2,0,0,0,0,0,1,0,0.00,0,27,11,299,27.18,2,0,1,1,101,0
250,Tevin Coleman,RB,2015,22,ATL,12,3,0,0,0,0,0,87,392,4.51,1,11,2,14,7.00,0,0,3,3,74,0
251,Tony Romo,QB,2015,35,DAL,4,4,83,121,884,5,7,4,13,3.25,0,0,0,0,0,0,0,1,1,42,0
252,Vernon Davis,TE,2015,31,2TM,15,9,0,0,0,0,0,0,0,0,0,58,38,395,10.39,0,0,0,0,34,0
253,Benny Cunningham,RB,2015,25,STL,16,1,0,0,0,0,0,37,140,3.78,0,36,26,250,9.62,0,0,1,0,75,0
254,Ryan Grant,WR,2015,25,WAS,16,5,0,0,0,0,0,0,0,0,0,42,23,268,11.65,2,0,0,0,102,0
255,EJ Manuel,QB,2015,25,BUF,7,2,52,84,561,3,3,17,64,3.76,1,0,0,0,0,0,0,2,1,43,0
256,Donald Brown,RB,2015,28,SDG,10,2,0,0,0,0,0,59,229,3.88,1,13,8,88,11.00,0,0,1,0,76,0
257,Keshawn Martin,WR,2015,25,NWE,9,8,0,0,0,0,0,1,6,6.00,0,37,24,269,11.21,2,0,1,1,103,0
258,Garrett Celek,TE,2015,27,SFO,11,8,0,0,0,0,0,0,0,0,0,28,19,186,9.79,3,0,0,0,36,0
259,Ryan Griffin,TE,2015,25,HOU,9,4,0,0,0,0,0,0,0,0,0,34,20,251,12.55,2,0,0,0,35,0
260,Lance Kendricks,TE,2015,27,STL,15,12,0,0,0,0,0,0,0,0,0,36,25,245,9.80,2,0,0,0,37,0
261,Jay Ajayi,RB,2015,22,MIA,9,0,0,0,0,0,0,49,187,3.82,1,11,7,90,12.86,0,1,0,0,77,0
262,Jeremy Butler,WR,2015,24,BAL,8,0,0,0,0,0,0,0,0,0,0,44,31,363,11.71,0,0,1,0,104,0
263,Percy Harvin,WR,2015,27,BUF,5,5,0,0,0,0,0,5,31,6.20,0,30,19,218,11.47,1,0,1,0,105,0
264,Josh Bellamy,WR,2015,26,CHI,16,3,0,0,0,0,0,0,0,0,0,34,19,224,11.79,2,0,0,0,106,0
265,Ka'Deem Carey,RB,2015,23,CHI,11,1,0,0,0,0,0,43,159,3.70,2,3,3,19,6.33,1,0,1,1,79,0
266,Larry Donnell,TE,2015,27,NYG,8,8,0,0,0,0,0,0,0,0,0,41,29,223,7.69,2,0,0,0,38,0
267,Adam Humphries,WR,2015,22,TAM,13,0,0,0,0,0,0,0,0,0,0,40,27,260,9.63,1,0,0,0,108,0
268,Tre Mason,RB,2015,22,STL,13,3,0,0,0,0,0,75,207,2.76,1,25,18,88,4.89,0,0,3,1,80,0
269,Mychal Rivera,TE,2015,25,OAK,16,0,0,0,0,0,0,0,0,0,0,46,32,280,8.75,1,0,2,0,39,0
270,Jaelen Strong,WR,2015,21,HOU,10,1,0,0,0,0,0,0,0,0,0,24,14,161,11.50,3,0,0,0,107,0
271,Andre Williams,RB,2015,23,NYG,16,0,0,0,0,0,0,88,257,2.92,1,3,1,7,7.00,0,1,0,0,78,0
272,Ahmad Bradshaw,RB,2015,29,IND,6,0,0,0,0,0,0,31,85,2.74,0,14,10,64,6.40,3,0,0,0,81,0
273,Jimmy Clausen,QB,2015,28,2TM,5,3,72,125,739,2,4,11,36,3.27,0,0,0,0,0,0,0,1,0,44,0
274,Kellen Moore,QB,2015,26,DAL,3,2,61,104,779,4,6,2,-1,-0.50,0,0,0,0,0,0,0,1,1,45,0
275,Mark Sanchez,QB,2015,29,PHI,4,2,59,91,616,4,4,6,22,3.67,0,0,0,0,0,0,0,1,1,46,0
276,Maxx Williams,TE,2015,21,BAL,14,7,0,0,0,0,0,0,0,0,0,48,32,268,8.38,1,0,1,0,40,0
277,Nelson Agholor,WR,2015,22,PHI,13,12,0,0,0,0,0,0,0,0,0,44,23,283,12.30,1,0,1,1,110,0
278,Quincy Enunwa,WR,2015,23,NYJ,12,6,0,0,0,0,0,0,0,0,0,46,22,315,14.32,0,0,0,0,111,0
279,Justin Hunter,WR,2015,24,TEN,9,5,0,0,0,0,0,0,0,0,0,31,22,264,12.00,1,0,0,0,109,0
280,Michael Vick,QB,2015,35,PIT,5,3,40,66,371,2,1,20,99,4.95,0,0,0,0,0,0,0,2,0,47,0
281,Cameron Artis-Payne,RB,2015,25,CAR,7,0,0,0,0,0,0,45,183,4.07,1,5,5,58,11.60,0,0,0,0,82,0
282,Marc Mariani,WR,2015,28,CHI,16,5,0,0,0,0,0,0,0,0,0,33,22,300,13.64,0,0,3,1,112,0
283,Eddie Royal,WR,2015,29,CHI,9,9,0,0,0,0,0,1,-1,-1.00,0,50,37,238,6.43,1,0,0,0,113,0
284,Marqise Lee,WR,2015,24,JAX,10,1,0,0,0,0,0,5,38,7.60,0,32,15,191,12.73,1,0,0,0,114,0
285,Zach Line,RB,2015,25,MIN,16,5,0,0,0,0,0,6,10,1.67,2,9,6,95,15.83,1,0,0,0,83,0
286,Matt Schaub,QB,2015,34,BAL,2,2,52,80,540,3,4,4,10,2.50,0,0,0,0,0,0,0,0,0,48,0
287,Miles Austin,WR,2015,31,PHI,11,1,0,0,0,0,0,0,0,0,0,31,13,224,17.23,1,0,0,0,115,0
288,Travaris Cadet,RB,2015,26,3TM,7,1,0,1,0,0,0,11,28,2.55,0,22,17,214,12.59,1,0,1,1,85,0
289,Phillip Dorsett,WR,2015,22,IND,11,0,0,0,0,0,0,3,17,5.67,0,39,18,225,12.50,1,0,2,1,116,0
290,Lance Dunbar,RB,2015,25,DAL,4,0,0,0,0,0,0,5,67,13.40,0,23,21,215,10.24,0,0,0,0,84,0
291,Jermaine Gresham,TE,2015,27,ARI,15,12,0,0,0,0,0,0,0,0,0,32,18,223,12.39,1,0,0,0,41,0
292,Andrew Hawkins,WR,2015,29,CLE,8,8,0,0,0,0,0,0,0,0,0,43,27,276,10.22,0,1,1,1,118,0
293,Robert Turbin,RB,2015,26,2TM,10,0,0,0,0,0,0,50,199,3.98,1,10,7,23,3.29,0,0,0,0,86,0
294,Nick Williams,WR,2015,25,ATL,14,0,0,0,0,0,0,0,0,0,0,25,17,159,9.35,2,0,0,0,117,0
295,DuJuan Harris,RB,2015,27,2TM,4,1,0,0,0,0,0,48,189,3.94,0,14,9,97,10.78,0,0,1,1,87,0
296,Greg Jennings,WR,2015,32,MIA,16,5,0,0,0,0,0,0,0,0,0,36,19,208,10.95,1,0,0,0,122,0
297,Jeremy Kerley,WR,2015,27,NYJ,16,1,0,0,0,0,0,0,0,0,0,26,16,152,9.50,2,0,1,0,120,0
298,Ty Montgomery,WR,2015,22,GNB,6,3,0,0,0,0,0,3,14,4.67,0,19,15,136,9.07,2,0,0,0,121,0
299,De'Anthony Thomas,WR,2015,22,KAN,10,1,0,0,0,0,0,9,34,3.78,1,25,17,140,8.24,1,0,2,1,119,0
300,Luke Willson,TE,2015,25,SEA,14,7,0,0,0,0,0,0,0,0,0,26,17,213,12.53,1,0,0,0,42,0
301,Brice Butler,WR,2015,25,DAL,7,2,0,0,0,0,0,0,0,0,0,26,12,258,21.50,0,0,0,0,124,0
302,Chris Conley,WR,2015,23,KAN,16,5,0,0,0,0,0,0,0,0,0,31,17,199,11.71,1,0,0,0,123,0
303,Christine Michael,RB,2015,25,2TM,8,2,0,0,0,0,0,54,243,4.50,0,6,3,16,5.33,0,0,0,0,88,0
304,Jonas Gray,RB,2015,25,2TM,8,0,0,0,0,0,0,45,176,3.91,0,8,7,76,10.86,0,0,0,0,90,0
305,Jamize Olawale,RB,2015,26,OAK,14,3,0,0,0,0,0,24,110,4.58,1,11,9,84,9.33,0,0,0,0,89,0
306,Matt Asiata,RB,2015,28,MIN,16,0,0,0,0,0,0,29,112,3.86,0,22,19,132,6.95,0,0,0,0,92,0
307,Stedman Bailey,WR,2015,25,STL,8,3,0,0,0,0,0,0,0,0,0,25,12,182,15.17,1,0,0,0,126,0
308,Orleans Darkwa,RB,2015,23,NYG,16,0,0,0,0,0,0,36,153,4.25,1,5,3,31,10.33,0,0,0,0,91,0
309,Ed Dickson,TE,2015,28,CAR,16,11,0,0,0,0,0,0,0,0,0,26,17,121,7.12,2,0,0,0,43,0
310,Taylor Gabriel,WR,2015,24,CLE,13,4,0,0,0,0,0,0,0,0,0,48,28,241,8.61,0,1,1,1,127,0
311,Josh Hill,TE,2015,25,NOR,16,7,0,0,0,0,0,0,0,0,0,30,16,120,7.50,2,0,0,0,45,0
312,Michael Hoomanawanui,TE,2015,27,2TM,14,8,0,0,0,0,0,1,0,0.00,0,16,11,76,6.91,3,0,1,1,46,0
313,Landry Jones,QB,2015,26,PIT,7,2,32,55,513,3,4,5,-5,-1.00,0,0,0,0,0,0,0,1,1,49,0
314,Rashad Ross,WR,2015,25,WAS,13,0,0,0,0,0,0,0,0,0,0,13,8,184,23.00,1,0,0,0,125,0
315,Craig Stevens,TE,2015,31,TEN,16,11,0,0,0,0,0,0,0,0,0,16,12,121,10.08,2,0,0,0,44,0
316,Damien Williams,RB,2015,23,MIA,16,0,0,0,0,0,0,16,59,3.69,0,28,21,142,6.76,1,0,2,1,93,0
317,Patrick DiMarco,RB,2015,26,ATL,16,8,0,0,0,0,0,1,0,0.00,0,17,13,110,8.46,2,0,0,0,95,0
318,Rashad Greene,WR,2015,23,JAX,9,0,0,0,0,0,0,0,0,0,0,35,19,93,4.89,2,0,1,0,128,0
319,Virgil Green,TE,2015,27,DEN,16,5,0,0,0,0,0,0,0,0,0,15,12,173,14.42,1,0,0,0,47,0
320,Clay Harbor,TE,2015,28,JAX,15,3,0,0,0,0,0,0,0,0,0,20,14,149,10.64,1,1,0,0,48,0
321,Marcedes Lewis,TE,2015,31,JAX,16,16,0,0,0,0,0,0,0,0,0,37,16,226,14.13,0,0,0,0,49,0
322,Adam Thielen,WR,2015,25,MIN,16,2,0,0,0,0,0,4,89,22.25,0,18,12,144,12.00,0,0,0,0,129,0
323,Terron Ward,RB,2015,23,ATL,13,0,0,0,0,0,0,29,95,3.28,1,13,9,73,8.11,0,0,0,0,96,0
324,Griff Whalen,WR,2015,25,IND,14,0,0,0,0,0,0,0,0,0,0,26,19,205,10.79,1,0,4,2,130,0
325,Fozzy Whittaker,RB,2015,26,CAR,15,1,0,0,0,0,0,25,108,4.32,1,15,12,64,5.33,0,0,0,0,94,0
326,T.J. Yates,QB,2015,28,HOU,4,2,28,57,370,3,1,6,0,0.00,0,0,0,0,0,0,0,1,1,50,0
327,Bennie Fowler,WR,2015,24,DEN,16,1,0,0,0,0,0,0,0,0,0,25,16,203,12.69,0,0,0,0,131,0
328,Taiwan Jones,RB,2015,27,OAK,12,0,0,0,0,0,0,16,74,4.63,0,9,7,106,15.14,1,0,2,1,98,0
329,Branden Oliver,RB,2015,24,SDG,8,1,0,0,0,0,0,31,108,3.48,0,15,13,112,8.62,0,0,0,0,97,0
330,C.J. Fiedorowicz,TE,2015,24,HOU,16,14,0,0,0,0,0,0,0,0,0,24,17,167,9.82,1,0,1,1,50,0
331,Chris Matthews,WR,2015,26,2TM,13,0,0,0,0,0,0,0,0,0,0,25,13,151,11.62,1,0,0,0,132,0
332,Bruce Miller,RB,2015,28,SFO,16,5,0,0,0,0,0,6,14,2.33,1,14,10,135,13.50,0,0,0,0,101,0
333,Jordan Norwood,WR,2015,29,DEN,11,5,0,0,0,0,0,0,0,0,0,32,22,207,9.41,0,0,1,0,133,0
334,Zac Stacy,RB,2015,24,NYJ,8,0,0,0,0,0,0,31,89,2.87,1,12,9,65,7.22,0,0,0,0,99,0
335,Terrance West,RB,2015,24,2TM,8,0,0,0,0,0,0,62,231,3.73,0,5,4,21,5.25,0,0,2,2,100,0
336,Jaron Brown,WR,2015,25,ARI,16,0,0,0,0,0,0,0,0,0,0,23,11,144,13.09,1,0,0,0,134,0
337,Andre Caldwell,WR,2015,30,DEN,14,0,0,0,0,0,0,1,3,3.00,0,22,10,72,7.20,2,0,0,0,136,0
338,Derek Carrier,TE,2015,25,WAS,12,12,0,0,0,0,0,0,0,0,0,22,17,141,8.29,1,0,0,0,51,0
339,David Cobb,RB,2015,22,TEN,7,1,0,0,0,0,0,52,146,2.81,1,2,1,-2,-2.00,0,0,0,0,103,0
340,Jalston Fowler,RB,2015,25,TEN,16,0,0,0,0,0,0,7,13,1.86,1,6,5,44,8.80,1,0,0,0,105,0
341,John Kuhn,RB,2015,33,GNB,16,6,0,0,0,0,0,9,28,3.11,2,10,6,56,9.33,0,0,0,0,102,0
342,Louis Murphy,WR,2015,28,TAM,6,1,0,0,0,0,0,0,0,0,0,18,10,198,19.80,0,0,0,0,135,0
343,Geno Smith,QB,2015,25,NYJ,1,0,27,42,265,2,1,2,34,17.00,0,0,0,0,0,0,0,0,0,51,0
344,Kerwynn Williams,RB,2015,24,ARI,6,0,0,0,0,0,0,27,142,5.26,1,2,2,16,8.00,0,0,1,1,104,0
345,Tim Wright,TE,2015,25,DET,9,1,0,0,0,0,0,0,0,0,0,16,9,77,8.56,2,0,0,0,52,0
346,Blake Bell,TE,2015,24,SFO,14,5,0,0,0,0,0,0,0,0,0,25,15,186,12.40,0,0,0,0,54,0
347,Austin Davis,QB,2015,26,CLE,3,2,56,94,547,1,3,7,33,4.71,0,0,0,0,0,0,0,2,2,52,0
348,Donteea Dye,WR,2015,22,TAM,10,5,0,0,0,0,0,0,0,0,0,30,11,132,12.00,1,0,1,0,138,0
349,Justin Hardy,WR,2015,24,ATL,9,1,0,0,0,0,0,0,0,0,0,36,21,194,9.24,0,0,0,0,137,0
350,Javontee Herndon,WR,2015,24,SDG,8,2,0,0,0,0,0,1,13,13.00,0,33,24,195,8.13,0,0,2,1,139,0
351,Tyler Kroft,TE,2015,23,CIN,16,6,0,0,0,0,0,0,0,0,0,15,11,129,11.73,1,0,0,0,53,0
352,Rhett Ellison,TE,2015,27,MIN,15,9,0,0,0,0,0,0,0,0,0,19,11,124,11.27,1,0,0,0,55,0
353,Dwayne Allen,TE,2015,25,IND,13,12,0,0,0,0,0,1,1,1.00,0,29,16,109,6.81,1,0,0,0,57,0
354,Nick Boyle,TE,2015,22,BAL,11,2,0,0,0,0,0,0,0,0,0,23,18,153,8.50,0,1,0,0,56,0
355,Roy Helu,RB,2015,27,OAK,9,0,0,0,0,0,0,17,39,2.29,0,16,9,75,8.33,1,0,0,0,106,0
356,T.J. Jones,WR,2015,23,DET,10,0,0,0,0,0,0,1,-3,-3.00,0,18,10,132,13.20,1,0,2,1,140,0
357,Dion Sims,TE,2015,24,MIA,13,4,0,0,0,0,0,0,0,0,0,25,18,127,7.06,1,0,1,1,58,0
358,Jake Stoneburner,TE,2015,26,MIA,11,1,0,0,0,0,0,0,0,0,0,5,5,47,9.40,2,0,0,0,59,0
359,Kenbrell Thompkins,WR,2015,27,NYJ,7,2,0,0,0,0,0,0,0,0,0,33,17,165,9.71,0,0,0,0,141,0
360,Knile Davis,RB,2015,24,KAN,14,0,0,0,0,0,0,28,72,2.57,1,3,2,24,12.00,0,0,0,0,107,0
361,Justin Perillo,TE,2015,24,GNB,9,0,0,0,0,0,0,0,0,0,0,13,11,102,9.27,1,0,0,0,60,0
362,Devin Smith,WR,2015,23,NYJ,10,3,0,0,0,0,0,0,0,0,0,28,9,115,12.78,1,0,1,1,142,0
363,Anthony Dixon,RB,2015,28,BUF,16,1,0,0,0,0,0,21,44,2.10,1,7,6,44,7.33,0,0,0,0,108,0
364,Chris Gragg,TE,2015,25,BUF,13,4,0,0,0,0,0,0,0,0,0,20,12,150,12.50,0,0,0,0,62,0
365,Troy Niklas,TE,2015,23,ARI,16,3,0,0,0,0,0,0,0,0,0,4,4,33,8.25,2,0,0,0,61,0
366,Devin Street,WR,2015,24,DAL,15,2,0,0,0,0,0,0,0,0,0,13,7,114,16.29,1,0,1,1,143,0
367,Pierre Thomas,RB,2015,31,2TM,5,0,0,0,0,0,0,15,64,4.27,0,11,9,84,9.33,0,0,0,0,109,0
368,Myles White,WR,2015,25,NYG,12,0,0,0,0,0,0,0,0,0,0,20,7,88,12.57,1,0,0,0,145,0
369,Tyrell Williams,WR,2015,23,SDG,7,0,0,0,0,0,0,0,0,0,0,5,2,90,45.00,1,0,0,0,144,0
370,Jason Avant,WR,2015,32,KAN,16,1,0,0,0,0,0,0,0,0,0,24,15,119,7.93,0,0,0,0,149,0
371,Rex Burkhead,RB,2015,25,CIN,16,0,0,0,0,0,0,4,4,1.00,0,15,10,94,9.40,1,0,1,1,110,0
372,Aaron Dobson,WR,2015,24,NWE,8,3,0,0,0,0,0,0,0,0,0,21,13,141,10.85,0,0,0,0,146,0
373,Bruce Ellington,WR,2015,24,SFO,13,0,0,0,0,0,0,1,7,7.00,0,19,13,153,11.77,0,0,3,1,148,0
374,Akeem Hunt,RB,2015,22,HOU,7,1,0,0,0,0,0,17,96,5.65,0,10,6,39,6.50,0,0,0,0,112,0
375,Jesse James,TE,2015,21,PIT,8,2,0,0,0,0,0,0,0,0,0,11,8,56,7.00,1,1,0,0,63,0
376,Marlon Moore,WR,2015,28,CLE,14,2,0,0,0,0,0,0,0,0,0,10,7,81,11.57,1,0,0,0,147,0
377,Andre Roberts,WR,2015,27,WAS,9,0,0,0,0,0,0,0,0,0,0,21,11,135,12.27,0,0,0,0,150,0
378,Lorenzo Taliaferro,RB,2015,24,BAL,3,0,0,0,0,0,0,13,47,3.62,1,5,5,29,5.80,0,0,0,0,111,0
379,Jared Abbrederis,WR,2015,25,GNB,10,0,0,0,0,0,0,0,0,0,0,16,9,111,12.33,0,0,1,0,151,0
380,Kenjon Barner,RB,2015,25,PHI,10,0,0,0,0,0,0,28,124,4.43,0,12,9,22,2.44,0,0,1,1,116,0
381,Bryce Brown,RB,2015,24,SEA,3,0,0,0,0,0,0,25,72,2.88,1,2,0,0,0,0,0,0,0,113,0
382,Chase Coffman,TE,2015,29,2TM,2,0,0,0,0,0,0,0,0,0,0,11,8,71,8.88,1,0,0,0,66,0
383,Jack Doyle,TE,2015,25,IND,16,2,0,0,0,0,0,0,0,0,0,14,12,72,6.00,1,0,0,0,65,0
384,Demetrius Harris,TE,2015,24,KAN,16,9,0,0,0,0,0,0,0,0,0,11,7,74,10.57,1,0,0,0,64,0
385,Cooper Helfet,TE,2015,26,SEA,14,2,0,0,0,0,0,0,0,0,0,22,13,130,10.00,0,0,0,0,68,0
386,Dan Herron,RB,2015,26,2TM,10,0,0,0,0,0,0,25,79,3.16,0,10,9,47,5.22,0,0,1,0,115,0
387,Steven Jackson,RB,2015,32,NWE,2,1,0,0,0,0,0,21,50,2.38,1,1,1,20,20.00,0,0,0,0,114,0
388,Charles Johnson,WR,2015,26,MIN,11,4,0,0,0,0,0,0,0,0,0,13,9,127,14.11,0,0,0,0,154,0
389,Ricardo Lockette,WR,2015,29,SEA,8,0,0,0,0,0,0,0,0,0,0,7,4,69,17.25,1,0,0,0,153,0
390,Luke McCown,QB,2015,34,NOR,8,1,32,39,335,0,1,0,0,0,0,0,0,0,0,0,0,0,0,53,0
391,Keith Mumphery,WR,2015,23,HOU,16,3,0,0,0,0,0,0,0,0,0,32,14,129,9.21,0,0,3,0,152,0
392,Brandon Myers,TE,2015,30,TAM,11,6,0,0,0,0,0,0,0,0,0,17,12,127,10.58,0,0,0,0,71,0
393,Brandon Pettigrew,TE,2015,30,DET,8,8,0,0,0,0,0,0,0,0,0,15,7,67,9.57,1,0,0,0,70,0
394,John Phillips,TE,2015,28,SDG,16,5,0,0,0,0,0,0,0,0,0,11,10,69,6.90,1,0,0,0,69,0
395,Lee Smith,TE,2015,28,OAK,15,15,0,0,0,0,0,0,0,0,0,13,12,70,5.83,1,0,0,0,67,0
396,Marcus Easley,WR,2015,28,BUF,13,0,0,0,0,0,0,0,0,0,0,3,1,58,58.00,1,0,0,0,158,0
397,Darius Jennings,WR,2015,23,CLE,4,1,0,0,0,0,0,0,0,0,0,21,14,117,8.36,0,0,1,0,159,0
398,Cody Latimer,WR,2015,23,DEN,14,1,0,0,0,0,0,2,1,0.50,0,11,6,59,9.83,1,0,0,0,155,0
399,Matt McGloin,QB,2015,26,OAK,2,0,23,32,142,2,1,0,0,0,0,0,0,0,0,0,0,1,1,54,0
400,Cameron Meredith,WR,2015,23,CHI,11,0,0,0,0,0,0,0,0,0,0,16,11,120,10.91,0,0,0,0,156,0
401,Tony Moeaki,TE,2015,28,ATL,11,0,0,0,0,0,0,0,0,0,0,5,3,58,19.33,1,0,0,0,73,0
402,Luke Stocker,TE,2015,27,TAM,14,13,0,0,0,0,0,0,0,0,0,13,9,61,6.78,1,0,0,0,72,0
403,Brandon Tate,WR,2015,28,CIN,16,0,0,0,0,0,0,0,0,0,0,3,2,59,29.50,1,0,1,0,157,0
404,Marlon Brown,WR,2015,24,BAL,10,2,0,0,0,0,0,0,0,0,0,30,14,112,8.00,0,0,0,0,161,0
405,Michael Campanaro,WR,2015,24,BAL,4,0,0,0,0,0,0,2,17,8.50,1,6,5,35,7.00,0,0,0,0,162,0
406,Kendall Gaskins,RB,2015,25,SFO,9,0,0,0,0,0,0,16,38,2.38,0,10,8,69,8.63,0,0,0,0,118,0
407,Russell Shepard,WR,2015,25,TAM,13,2,0,0,0,0,0,0,0,0,0,9,3,28,9.33,1,0,0,0,163,0
408,Jerome Simpson,WR,2015,29,SFO,6,1,0,0,0,0,0,0,0,0,0,19,5,54,10.80,1,0,0,0,160,0
409,Will Tukuafu,RB,2015,31,SEA,14,1,0,0,0,0,0,4,1,0.25,1,1,1,7,7.00,1,0,1,1,117,0
410,Brenton Bersin,WR,2015,25,CAR,9,2,0,0,0,0,0,0,0,0,0,11,9,119,13.22,0,0,1,1,167,0
411,Michael Burton,TE,2015,23,DET,16,7,0,0,0,0,0,4,2,0.50,0,6,6,39,6.50,1,0,0,0,75,0
412,Mike Davis,RB,2015,22,SFO,6,0,0,0,0,0,0,35,58,1.66,0,13,7,38,5.43,0,0,0,0,122,0
413,Gavin Escobar,TE,2015,24,DAL,14,4,0,0,0,0,0,0,0,0,0,13,8,64,8.00,1,0,1,1,74,0
414,Josh Freeman,QB,2015,27,IND,1,1,15,28,149,1,1,8,24,3.00,0,0,0,0,0,0,0,0,0,55,0
415,Ryan Hewitt,TE,2015,24,CIN,15,12,0,0,0,0,0,0,0,0,0,12,8,99,12.38,0,0,0,0,76,0
416,Austin Johnson,RB,2015,26,NOR,10,1,0,0,0,0,0,4,9,2.25,1,8,5,30,6.00,0,0,0,0,121,0
417,Will Johnson,RB,2015,26,PIT,16,3,0,0,0,0,0,4,7,1.75,1,4,2,16,8.00,0,1,0,0,119,0
418,Dan Orlovsky,QB,2015,32,DET,2,0,22,40,201,1,1,0,0,0,0,0,0,0,0,0,0,0,0,56,0
419,Brian Quick,WR,2015,26,STL,13,2,0,0,0,0,0,0,0,0,0,32,10,102,10.20,0,0,0,0,166,0
420,Juwan Thompson,RB,2015,23,DEN,15,1,0,0,0,0,0,18,48,2.67,0,9,6,51,8.50,0,0,0,0,120,0
421,Wes Welker,WR,2015,34,STL,8,0,0,0,0,0,0,0,0,0,0,22,13,102,7.85,0,0,0,0,165,0
422,Lucky Whitehead,WR,2015,23,DAL,15,1,0,0,0,0,0,10,107,10.70,0,8,6,16,2.67,0,0,1,1,164,0
423,Garrett Graham,RB,2015,29,HOU,8,2,0,0,0,0,0,0,0,0,0,19,4,30,7.50,1,0,0,0,123,0
424,Colt McCoy,QB,2015,29,WAS,2,0,7,11,128,1,0,3,-3,-1.00,0,0,0,0,0,0,0,1,0,57,0
425,James O'Shaughnessy,TE,2015,23,KAN,7,3,0,0,0,0,0,0,0,0,0,9,6,87,14.50,0,0,0,0,78,0
426,MyCole Pruitt,TE,2015,23,MIN,16,3,0,0,0,0,0,0,0,0,0,16,10,89,8.90,0,0,0,0,77,0
427,Stevan Ridley,RB,2015,26,NYJ,8,1,0,0,0,0,0,36,90,2.50,0,5,4,-2,-0.50,0,0,0,0,124,0
428,Jeff Cumberland,TE,2015,28,NYJ,15,6,0,0,0,0,0,0,0,0,0,14,5,77,15.40,0,0,0,0,81,0
429,Kellen Davis,TE,2015,30,NYJ,16,9,0,0,0,0,0,0,0,0,0,11,3,18,6.00,1,0,0,0,80,0
430,James Hanna,TE,2015,26,DAL,14,7,0,0,0,0,0,0,0,0,0,14,9,79,8.78,0,0,0,0,79,0
431,Jeff Janis,WR,2015,24,GNB,16,0,0,0,0,0,0,0,0,0,0,12,2,79,39.50,0,0,0,0,170,0
432,Tre McBride,WR,2015,23,TEN,7,0,0,0,0,0,0,1,8,8.00,0,4,2,8,4.00,1,0,0,0,171,0
433,Chris Owusu,WR,2015,25,NYJ,3,2,0,0,0,0,0,0,0,0,0,13,6,80,13.33,0,0,0,0,169,0
434,Alex Tanney,QB,2015,28,TEN,1,0,10,14,99,1,0,0,0,0,0,0,0,0,0,0,0,0,0,58,0
435,Deonte Thompson,WR,2015,26,CHI,7,0,0,0,0,0,0,0,0,0,0,3,2,81,40.50,0,0,0,0,168,0
436,Zurlon Tipton,RB,2015,25,IND,10,0,0,0,0,0,0,5,20,4.00,0,8,5,57,11.40,0,0,0,0,125,0
437,Toby Gerhart,RB,2015,28,JAX,7,1,0,0,0,0,0,20,44,2.20,0,5,3,23,7.67,0,0,0,0,127,0
438,Bradley Marquez,WR,2015,23,STL,16,1,0,0,0,0,0,0,0,0,0,22,13,88,6.77,0,0,1,1,172,0
439,Ryan Nassib,QB,2015,25,NYG,1,0,5,5,68,1,0,0,0,0,0,0,0,0,0,0,0,0,0,59,0
440,Zach Zenner,RB,2015,24,DET,6,1,0,0,0,0,0,17,60,3.53,0,3,2,11,5.50,0,0,0,0,126,0
441,Tommy Bohanon,RB,2015,25,NYJ,16,4,0,0,0,0,0,2,2,1.00,0,8,4,56,14.00,0,0,0,0,132,0
442,Daniel Brown,WR,2015,23,BAL,6,1,0,0,0,0,0,0,0,0,0,11,6,64,10.67,0,0,0,0,173,0
443,Kellen Clemens,QB,2015,32,SDG,2,0,5,6,63,1,0,1,-1,-1.00,0,0,0,0,0,0,0,0,0,60,0
444,Jerome Cunningham,RB,2015,24,NYG,9,3,0,0,0,0,0,0,0,0,0,16,8,59,7.38,0,0,0,0,131,0
445,Jim Dray,TE,2015,29,CLE,16,10,0,0,0,0,0,0,0,0,0,16,6,61,10.17,0,0,0,0,83,0
446,Daniel Fells,TE,2015,32,NYG,2,1,0,0,0,0,0,0,0,0,0,7,6,60,10.00,0,0,0,0,84,0
447,Corey Fuller,WR,2015,25,DET,12,0,0,0,0,0,0,0,0,0,0,9,4,76,19.00,0,0,1,1,175,0
448,Jarryd Hayne,RB,2015,27,SFO,8,1,0,0,0,0,0,17,52,3.06,0,7,6,27,4.50,0,0,3,1,130,0
449,Ryan Lindley,QB,2015,26,IND,1,0,6,10,58,1,0,0,0,0,0,0,0,0,0,0,0,0,0,61,0
450,Kevin Smith,WR,2015,24,SEA,7,1,0,0,0,0,0,0,0,0,0,5,3,43,14.33,0,0,0,0,174,0
451,Stepfan Taylor,RB,2015,24,ARI,16,0,0,0,0,0,0,17,58,3.41,0,3,1,4,4.00,0,0,0,0,128,0
452,Levine Toilolo,TE,2015,24,ATL,16,15,0,0,0,0,0,0,0,0,0,12,7,44,6.29,0,1,0,0,82,0
453,Fitzgerald Toussaint,RB,2015,25,PIT,5,0,0,0,0,0,0,18,42,2.33,0,0,0,0,0,0,1,0,0,129,0
454,Dwayne Bowe,WR,2015,31,CLE,7,0,0,0,0,0,0,0,0,0,0,13,5,53,10.60,0,0,0,0,177,0
455,Trey Burton,TE,2015,24,PHI,16,0,0,0,0,0,0,0,0,0,0,4,3,54,18.00,0,0,0,0,85,0
456,Reggie Bush,RB,2015,30,SFO,5,1,0,0,0,0,0,8,28,3.50,0,10,4,19,4.75,0,0,0,0,137,0
457,Joey Iosefa,RB,2015,24,NWE,2,0,0,0,0,0,0,15,51,3.40,0,0,0,0,0,0,0,0,0,136,0
458,Hakeem Nicks,WR,2015,27,NYG,6,2,0,0,0,0,0,0,0,0,0,14,7,54,7.71,0,0,0,0,176,0
459,Josh Robinson,RB,2015,23,IND,5,0,0,0,0,0,0,17,39,2.29,0,6,6,33,5.50,0,0,1,1,134,0
460,Jacquizz Rodgers,RB,2015,25,CHI,5,0,0,0,0,0,0,14,41,2.93,0,3,1,10,10.00,0,0,0,0,135,0
461,Anthony Sherman,RB,2015,27,KAN,16,2,0,0,0,0,0,1,0,0.00,0,5,4,34,8.50,0,0,0,0,133,0
462,Nick O'Leary,TE,2015,23,BUF,4,0,0,0,0,0,0,0,0,0,0,3,1,37,37.00,0,0,0,0,86,0
463,Preston Parker,WR,2015,28,NYG,2,1,0,0,0,0,0,0,0,0,0,12,5,43,8.60,0,0,0,0,178,0
464,Terrelle Pryor,WR,2015,26,CLE,3,2,0,0,0,0,0,1,-1,-1.00,0,8,1,42,42.00,0,0,0,0,179,0
465,Paul Richardson,WR,2015,23,SEA,1,0,0,0,0,0,0,0,0,0,0,1,1,40,40.00,0,0,0,0,181,0
466,Greg Salas,WR,2015,27,BUF,2,0,0,0,0,0,0,0,0,0,0,5,3,41,13.67,0,0,0,0,180,0
467,Charlie Whitehurst,QB,2015,33,2TM,5,0,16,32,150,0,1,2,1,0.50,0,0,0,0,0,0,0,0,0,62,0
468,Derrick Coleman,RB,2015,25,SEA,14,3,0,0,0,0,0,8,32,4.00,0,1,1,0,0.00,0,0,0,0,139,0
469,B.J. Daniels,QB,2015,27,2TM,8,0,1,2,7,0,0,6,6,1.00,0,2,2,18,9.00,0,0,0,0,63,0
470,Jake Fisher,TE,2015,22,CIN,14,1,0,0,0,0,0,0,0,0,0,5,1,31,31.00,0,0,0,0,89,0
471,Cory Harkey,RB,2015,25,STL,16,5,0,0,0,0,0,0,0,0,0,6,5,26,5.20,0,0,0,0,141,0
472,Rob Housler,TE,2015,27,2TM,10,0,0,0,0,0,0,0,0,0,0,7,4,33,8.25,0,0,0,0,87,0
473,Jay Prosch,RB,2015,23,HOU,16,2,0,0,0,0,0,6,33,5.50,0,1,0,0,0,0,0,0,0,138,0
474,Andrew Quarless,TE,2015,27,GNB,5,1,0,0,0,0,0,0,0,0,0,5,4,31,7.75,0,0,0,0,88,0
475,Jeremy Ross,WR,2015,27,2TM,11,0,0,0,0,0,0,1,2,2.00,0,14,9,88,9.78,0,0,4,3,182,0
476,Rod Streater,WR,2015,27,OAK,1,0,0,0,0,0,0,0,0,0,0,1,1,8,8.00,0,0,0,0,183,0
477,Andrew Turzilli,WR,2015,24,TEN,3,0,0,0,0,0,0,0,0,0,0,2,2,25,12.50,0,0,0,0,184,0
478,Michael Williams,TE,2015,25,NWE,15,9,0,0,0,0,0,0,0,0,0,6,3,26,8.67,0,0,0,0,90,0
479,Darrel Young,RB,2015,28,WAS,16,3,0,0,0,0,0,6,10,1.67,0,6,6,22,3.67,0,0,1,0,140,0
480,Mario Alford,WR,2015,23,CIN,1,0,0,0,0,0,0,0,0,0,0,1,1,15,15.00,0,0,0,0,193,0
481,Malcolm Brown,RB,2015,22,STL,1,0,0,0,0,0,0,4,17,4.25,0,1,1,-2,-2.00,0,0,0,0,149,0
482,Vincent Brown,WR,2015,26,SDG,1,0,0,0,0,0,0,0,0,0,0,2,1,22,22.00,0,0,0,0,187,0
483,John Crockett,RB,2015,23,GNB,2,0,0,0,0,0,0,9,21,2.33,0,0,0,0,0,0,0,0,0,143,0
484,Geremy Davis,WR,2015,23,NYG,10,0,0,0,0,0,0,0,0,0,0,3,2,21,10.50,0,0,0,0,188,0
485,Marquise Goodwin,WR,2015,25,BUF,2,0,0,0,0,0,0,0,0,0,0,2,2,24,12.00,0,0,0,0,185,0
486,T.J. Graham,WR,2015,26,NOR,4,1,0,0,0,0,0,0,0,0,0,4,4,24,6.00,0,0,0,0,186,0
487,Alonzo Harris,RB,2015,23,GNB,6,0,0,0,0,0,0,4,19,4.75,0,1,0,0,0,0,0,0,0,145,0
488,Malcolm Johnson,RB,2015,23,CLE,12,5,0,0,0,0,0,0,0,0,0,6,4,15,3.75,0,0,0,0,150,0
489,Matt LaCosse,TE,2015,23,NYG,2,0,0,0,0,0,0,0,0,0,0,3,3,22,7.33,0,0,0,0,91,0
490,Tyler Murphy,WR,2015,23,PIT,2,0,0,0,0,0,0,0,0,0,0,1,1,16,16.00,0,0,0,0,191,0
491,Roosevelt Nix,RB,2015,23,PIT,15,4,0,0,0,0,0,0,0,0,0,3,2,16,8.00,0,0,0,0,148,0
492,Bernard Pierce,RB,2015,24,JAX,7,0,0,0,0,0,0,6,11,1.83,0,5,3,7,2.33,0,0,0,0,147,0
493,Aaron Ripkowski,RB,2015,23,GNB,15,0,0,0,0,0,0,0,0,0,0,1,1,18,18.00,0,0,0,0,146,0
494,Jordan Todman,RB,2015,25,PIT,11,0,0,0,0,0,0,4,22,5.50,0,2,0,0,0,0,0,0,0,142,0
495,Tyler Varga,RB,2015,22,IND,3,0,0,0,0,0,0,1,2,2.00,0,2,1,18,18.00,0,0,0,0,144,0
496,Darren Waller,WR,2015,23,BAL,6,1,0,0,0,0,0,0,0,0,0,6,2,18,9.00,0,0,0,0,190,0
497,Eric Weems,WR,2015,30,ATL,16,0,0,0,0,0,0,1,4,4.00,0,1,1,11,11.00,0,0,0,0,192,0
498,DeAndrew White,WR,2015,24,SFO,4,0,0,0,0,0,0,0,0,0,0,2,2,18,9.00,0,0,1,0,189,0
499,Derek Anderson,QB,2015,32,CAR,3,0,4,6,36,0,0,7,-2,-0.29,0,0,0,0,0,0,0,1,0,65,0
500,E.J. Bibbs,TE,2015,24,CLE,7,0,0,0,0,0,0,0,0,0,0,2,1,7,7.00,0,0,0,0,96,0
501,Sammie Coates,WR,2015,22,PIT,6,0,0,0,0,0,0,0,0,0,0,2,1,11,11.00,0,0,0,0,196,0
502,Ben Edwards,WR,2015,23,NYG,2,0,0,0,0,0,0,0,0,0,0,2,1,9,9.00,0,0,0,0,198,0
503,Jerome Felton,RB,2015,29,BUF,16,8,0,0,0,0,0,1,2,2.00,0,2,1,12,12.00,0,0,0,0,151,0
504,Brittan Golden,WR,2015,27,ARI,14,0,0,0,0,0,0,0,0,0,0,1,1,5,5.00,0,0,1,0,202,0
505,Tarvaris Jackson,QB,2015,32,SEA,4,0,4,6,37,0,0,8,-8,-1.00,0,0,0,0,0,0,0,0,0,66,0
506,Nic Jacobs,TE,2015,24,JAX,11,2,0,0,0,0,0,0,0,0,0,3,1,6,6.00,0,0,0,0,98,0
507,Damaris Johnson,WR,2015,26,NWE,1,0,0,0,0,0,0,1,6,6.00,0,0,0,0,0,0,0,0,0,200,0
508,Jonathan Krause,WR,2015,23,PHI,2,0,0,0,0,0,0,0,0,0,0,4,2,11,5.50,0,0,0,0,197,0
509,Kendall Lamm,TE,2015,23,HOU,15,4,0,0,0,0,0,0,0,0,0,1,1,7,7.00,0,0,0,0,95,0
510,Jorvorskie Lane,RB,2015,28,TAM,16,6,0,0,0,0,0,1,0,0.00,0,2,2,13,6.50,0,0,0,0,153,0
511,Khari Lee,TE,2015,23,CHI,16,7,0,0,0,0,0,0,0,0,0,3,1,7,7.00,0,0,0,0,97,0
512,Terrence Magee,RB,2015,22,BAL,4,0,0,0,0,0,0,2,5,2.50,0,1,1,2,2.00,0,0,0,0,157,0
513,Sean Mannion,QB,2015,23,STL,1,0,6,7,31,0,0,0,0,0,0,0,0,0,0,0,0,0,0,64,0
514,Brian Parker,TE,2015,23,KAN,9,0,0,0,0,0,0,0,0,0,0,2,1,6,6.00,0,0,0,0,99,0
515,Cordarrelle Patterson,WR,2015,24,MIN,16,1,0,0,0,0,0,2,15,7.50,0,2,2,10,5.00,0,0,1,1,201,0
516,Bobby Rainey,RB,2015,28,TAM,16,0,0,0,0,0,0,5,18,3.60,0,3,3,16,5.33,0,0,8,1,152,0
517,Scott Simonson,TE,2015,23,CAR,9,0,0,0,0,0,0,0,0,0,0,1,1,10,10.00,0,0,0,0,94,0
518,Antone Smith,RB,2015,30,CHI,5,0,0,0,0,0,0,1,11,11.00,0,0,0,0,0,0,0,0,0,156,0
519,Rod Smith,RB,2015,23,2TM,11,0,0,0,0,0,0,2,5,2.50,0,2,1,6,6.00,0,0,0,0,155,0
520,Matt Spaeth,TE,2015,32,PIT,13,7,0,0,0,0,0,0,0,0,0,3,2,10,5.00,0,0,0,0,93,0
521,Phillip Supernaw,TE,2015,25,TEN,16,1,0,0,0,0,0,0,0,0,0,4,3,32,10.67,0,0,1,1,92,0
522,Tony Washington,WR,2015,23,JAX,4,0,0,0,0,0,0,1,8,8.00,0,0,0,0,0,0,0,0,0,199,0
523,Kasen Williams,WR,2015,23,SEA,2,0,0,0,0,0,0,1,5,5.00,0,1,1,8,8.00,0,0,0,0,195,0
524,Trey Williams,RB,2015,23,IND,2,0,0,0,0,0,0,2,12,6.00,0,0,0,0,0,0,0,0,0,154,0
525,Chandler Worthy,WR,2015,22,HOU,3,0,0,0,0,0,0,0,0,0,0,4,3,14,4.67,0,0,1,0,194,0
526,Seyi Ajirotutu,WR,2015,28,PHI,13,0,0,0,0,0,0,0,0,0,0,3,1,4,4.00,0,0,0,0,203,0
527,Dri Archer,0,2015,24,PIT,8,0,0,0,0,0,0,0,0,0,0,0,0,0,0,0,0,0,0,211,0
528,Joe Banyard,0,2015,27,JAX,5,0,0,0,0,0,0,0,0,0,0,0,0,0,0,0,0,0,0,163,0
529,Kapri Bibbs,0,2015,22,DEN,1,0,0,0,0,0,0,0,0,0,0,0,0,0,0,0,0,0,0,161,0
530,Allen Bradford,0,2015,27,ATL,6,0,0,0,0,0,0,0,0,0,0,0,0,0,0,0,0,0,0,165,0
531,Quan Bray,0,2015,22,IND,9,0,0,0,0,0,0,0,0,0,0,0,0,0,0,0,0,0,0,208,0
532,James Casey,0,2015,31,DEN,3,0,0,0,0,0,0,0,0,0,0,0,0,0,0,0,0,0,0,106,0
533,Kaelin Clay,0,2015,23,BAL,7,0,0,0,0,0,0,0,0,0,0,0,0,0,0,0,0,0,0,215,0
534,Asante Cleveland,TE,2015,23,NWE,4,1,0,0,0,0,0,0,0,0,0,1,1,1,1.00,0,0,0,0,104,0
535,Tyler Clutts,RB,2015,31,DAL,16,5,0,0,0,0,0,0,0,0,0,1,1,4,4.00,0,0,0,0,158,0
536,Justice Cunningham,0,2015,24,STL,2,0,0,0,0,0,0,0,0,0,0,0,0,0,0,0,0,0,0,116,0
537,Chase Daniel,QB,2015,29,KAN,2,0,2,2,4,0,0,2,-2,-1.00,0,0,0,0,0,0,0,0,0,71,0
538,Anthony Denham,0,2015,24,HOU,1,0,0,0,0,0,0,0,0,0,0,0,0,0,0,0,0,0,0,113,0
539,Jimmy Garoppolo,QB,2015,24,NWE,5,0,1,4,6,0,0,5,-5,-1.00,0,0,0,0,0,0,0,0,0,75,0
540,Richard Gordon,0,2015,28,DEN,1,0,0,0,0,0,0,0,0,0,0,0,0,0,0,0,0,0,0,111,0
541,Garrett Grayson,0,2015,24,NOR,1,0,0,0,0,0,0,0,0,0,0,0,0,0,0,0,0,0,0,70,0
542,MarQueis Gray,TE,2015,26,BUF,4,0,0,0,0,0,0,0,0,0,0,1,1,2,2.00,0,0,0,0,103,0
543,Saalim Hakim,0,2015,25,KAN,2,0,0,0,0,0,0,0,0,0,0,0,0,0,0,0,0,0,0,209,0
544,Rannell Hall,0,2015,22,CLE,1,0,0,0,0,0,0,0,0,0,0,0,0,0,0,0,0,0,0,214,0
545,Clark Harris,0,2015,31,CIN,16,0,0,0,0,0,0,0,0,0,0,0,0,0,0,0,0,0,0,119,0
546,Matt Hazel,0,2015,23,MIA,5,1,0,0,0,0,0,0,0,0,0,1,0,0,0,0,0,0,0,216,0
547,Mitchell Henry,0,2015,23,DEN,2,0,0,0,0,0,0,0,0,0,0,0,0,0,0,0,0,0,0,110,0
548,Shaun Hill,QB,2015,35,MIN,3,0,2,7,15,0,0,4,-5,-1.25,0,0,0,0,0,0,0,0,0,68,0
549,Kendall Hunter,RB,2015,27,NOR,2,0,0,0,0,0,0,1,2,2.00,0,0,0,0,0,0,0,0,0,159,0
550,LaMichael James,0,2015,26,MIA,1,0,0,0,0,0,0,0,0,0,0,0,0,0,0,0,0,1,0,166,0
551,Marcel Jensen,0,2015,25,WAS,1,0,0,0,0,0,0,0,0,0,0,0,0,0,0,0,0,0,0,115,0
552,Mike Leach,0,2015,39,ARI,16,0,0,0,0,0,0,0,0,0,0,0,0,0,0,0,0,0,0,107,0
553,Brian Leonhardt,TE,2015,25,SFO,4,0,0,0,0,0,0,0,0,0,0,1,1,4,4.00,0,0,0,0,101,0
554,Dezmin Lewis,0,2015,23,BUF,1,0,0,0,0,0,0,0,0,0,0,0,0,0,0,0,0,0,0,210,0
555,Tony Lippett,0,2015,23,MIA,9,0,0,0,0,0,0,0,0,0,0,0,0,0,0,0,0,0,0,213,0
556,Vince Mayle,0,2015,24,DAL,1,0,0,0,0,0,0,0,0,0,0,1,0,0,0,0,0,0,0,217,0
557,Anthony McCoy,0,2015,28,2TM,8,3,0,0,0,0,0,0,0,0,0,0,0,0,0,0,0,0,0,108,0
558,Matt Moore,QB,2015,31,MIA,1,0,1,1,14,0,0,3,-2,-0.67,0,0,0,0,0,0,0,0,0,67,0
559,Matthew Mulligan,TE,2015,30,BUF,12,5,0,0,0,0,0,0,0,0,0,1,1,2,2.00,0,0,0,0,102,0
560,Kevin Norwood,0,2015,26,CAR,1,0,0,0,0,0,0,0,0,0,0,1,0,0,0,0,0,0,0,218,0
561,Toben Opurum,0,2015,25,NOR,2,0,0,0,0,0,0,0,0,0,0,0,0,0,0,0,0,0,0,2,0
562,Bear Pascoe,0,2015,29,DET,3,0,0,0,0,0,0,0,0,0,0,0,0,0,0,0,0,0,0,118,0
563,Cedric Peerman,0,2015,29,CIN,16,0,0,0,0,0,0,0,0,0,0,0,0,0,0,0,0,0,0,167,0
564,Walt Powell,0,2015,24,BUF,2,0,0,0,0,0,0,0,0,0,0,0,0,0,0,0,0,0,0,205,0
565,Sean Renfree,QB,2015,25,ATL,2,0,3,7,11,0,1,1,-4,-4.00,0,0,0,0,0,0,0,0,0,69,0
566,Rico Richardson,0,2015,24,TEN,5,0,0,0,0,0,0,0,0,0,0,5,0,0,0,0,0,0,0,206,0
567,Wes Saxton,0,2015,22,NYJ,1,0,0,0,0,0,0,0,0,0,0,0,0,0,0,0,0,0,0,112,0
568,Mickey Shuler,0,2015,29,ATL,1,0,0,0,0,0,0,0,0,0,0,0,0,0,0,0,0,0,0,117,0
569,Trevor Siemian,QB,2015,24,DEN,1,0,0,0,0,0,0,1,-1,-1.00,0,0,0,0,0,0,0,0,0,73,0
570,Matthew Slater,0,2015,30,NWE,16,0,0,0,0,0,0,0,0,0,0,1,0,0,0,0,0,0,0,212,0
571,Alex Smith,0,2015,33,WAS,3,1,0,0,0,0,0,0,0,0,0,2,0,0,0,0,0,0,0,105,0
572,Dreamius Smith,0,2015,23,SDG,2,0,0,0,0,0,0,0,0,0,0,0,0,0,0,0,0,0,0,168,0
573,Nate Solder,0,2015,27,NWE,4,4,0,0,0,0,0,0,0,0,0,0,0,0,0,0,0,0,0,109,0
574,Evan Spencer,0,2015,22,TAM,1,0,0,0,0,0,0,0,0,0,0,0,0,0,0,0,0,0,0,207,0
575,Geoff Swaim,TE,2015,22,DAL,4,1,0,0,0,0,0,0,0,0,0,1,1,0,0.00,0,0,0,0,114,0
576,Scott Tolzien,QB,2015,28,GNB,3,0,1,1,4,0,0,3,-3,-1.00,0,0,0,0,0,0,0,1,0,74,0
577,Nick Toon,0,2015,27,STL,1,0,0,0,0,0,0,0,0,0,0,0,0,0,0,0,0,0,0,204,0
578,C.J. Uzomah,TE,2015,22,CIN,5,0,0,0,0,0,0,0,0,0,0,1,1,4,4.00,0,0,0,0,100,0
579,Trey Watts,0,2015,24,STL,1,0,0,0,0,0,0,0,0,0,0,0,0,0,0,0,0,0,0,162,0
580,Joe Webb,QB,2015,29,CAR,16,0,0,0,0,0,0,1,-1,-1.00,0,0,0,0,0,0,0,0,0,72,0
581,Brandon Wegher,0,2015,25,CAR,1,0,0,0,0,0,0,0,0,0,0,0,0,0,0,0,0,0,0,164,0
582,Nikita Whitlock,0,2015,24,NYG,14,5,0,0,0,0,0,0,0,0,0,0,0,0,0,0,0,0,0,1,0
583,Brandon Williams,0,2015,28,2TM,6,0,0,0,0,0,0,0,0,0,0,0,0,0,0,0,0,0,0,120,0
584,George Winn,RB,2015,25,DET,7,0,0,0,0,0,0,4,1,0.25,0,0,0,0,0,0,0,0,0,160,0
585,Cierre Wood,RB,2015,24,BUF,2,0,0,0,0,0,0,2,3,1.50,0,1,1,-6,-6.00,0,0,0,0,169,0
586,Corey Grant,RB,2015,24,JAX,6,0,0,0,0,0,0,6,2,0.33,0,3,2,13,6.50,0,0,1,1,170,0
587,Chris Harper,WR,2015,22,NWE,5,0,0,0,0,0,0,0,0,0,0,3,1,6,6.00,0,0,1,1,219,0
588,David Johnson,TE,2015,28,SDG,16,4,0,0,0,0,0,2,4,2.00,0,2,1,4,4.00,0,0,1,1,121,0
589,Drew Stanton,QB,2015,31,ARI,7,0,11,25,104,0,2,13,-13,-1.00,0,0,0,0,0,0,0,0,0,76,0
590,Frankie Hammond,0,2015,25,KAN,9,0,0,0,0,0,0,0,0,0,0,0,0,0,0,0,0,2,1,220,0
591,Raheem Mostert,0,2015,23,3TM,11,0,0,0,0,0,0,0,0,0,0,0,0,0,0,0,0,1,1,173,0
592,Marcus Murphy,RB,2015,24,NOR,13,0,0,0,0,0,0,1,0,0.00,0,0,0,0,0,0,0,3,1,172,0
593,Isaiah Pead,RB,2015,26,STL,2,0,0,0,0,0,0,2,3,1.50,0,0,0,0,0,0,0,1,1,171,0
594,Glenn Winston,RB,2015,26,CLE,3,0,0,0,0,0,0,1,-8,-8.00,0,0,0,0,0,0,0,1,1,174,0
595,Marcus Thigpen,WR,2015,29,2TM,9,0,0,0,0,0,0,1,-1,-1.00,0,0,0,0,0,0,0,3,2,221,0
