rank,pos_tiers,player_name,tm,pos_rank,pos,bye,best,worst,avg,std dev,adp,py_avg_ppg,py_std_dev,custom_points,vor
1,1.0,Christian McCaffrey,CAR,RB1,RB,13.0,1.0,4.0,1.1,0.2,1.0,29.325000000000003,9.98609032604853,370.06000000000006,233.11000000000007
2,1.0,Saquon Barkley,NYG,RB2,RB,11.0,1.0,20.0,2.3,0.7,2.0,18.77692307692308,10.568755354515014,309.06000000000006,172.11000000000007
3,1.0,Alvin Kamara,NO,RB3,RB,6.0,2.0,6.0,3.8,1.2,3.0,17.689285714285717,8.484968124037595,290.65000000000003,153.70000000000005
4,1.0,Ezekiel Elliott,DAL,RB4,RB,10.0,2.0,27.0,4.4,3.2,7.0,19.35625,6.138183091653969,303.75,166.8
5,1.0,Michael Thomas,NO,WR1,WR,6.0,3.0,16.0,5.5,2.4,5.0,23.4125,8.489356080802988,327.47999999999996,171.67999999999995
6,1.0,Dalvin Cook,MIN,RB5,RB,7.0,2.0,40.0,7.4,4.8,4.0,20.74285714285714,7.365377872776876,295.32,158.37
7,1.0,Davante Adams,GB,WR2,WR,5.0,3.0,15.0,8.7,2.4,9.0,17.475,6.8941510124030625,290.03,134.22999999999996
8,2.0,Julio Jones,ATL,WR3,WR,10.0,3.0,58.0,11.8,2.9,15.0,18.273333333333333,8.74254512359503,278.77000000000004,122.97000000000003
9,2.0,Tyreek Hill,KC,WR4,WR,10.0,3.0,72.0,12.6,3.0,13.0,15.691666666666665,9.697184064865366,258.06,102.25999999999999
10,1.0,Clyde Edwards-Helaire,KC,RB6,RB,10.0,4.0,71.0,12.8,9.1,6.0,,,252.87000000000003,115.92000000000004
11,1.0,Derrick Henry,TEN,RB7,RB,7.0,4.0,51.0,13.1,8.5,8.0,19.439999999999998,10.229983940777787,261.14000000000004,124.19000000000005
12,1.0,Miles Sanders,PHI,RB8,RB,9.0,2.0,40.0,15.1,6.2,10.0,13.48125,8.665503928412551,253.02000000000004,116.07000000000005
13,1.0,Austin Ekeler,LAC,RB9,RB,10.0,4.0,31.0,15.3,7.3,17.0,19.1875,8.808092869628478,252.24,115.29000000000002
14,1.0,DeAndre Hopkins,ARI,WR5,WR,8.0,9.0,33.0,15.3,4.7,18.0,17.84,7.526790247414327,260.70000000000005,104.90000000000003
15,1.0,Kenyan Drake,ARI,RB10,RB,8.0,3.0,57.0,15.4,7.1,14.0,15.085714285714287,10.55519246210546,249.71,112.76000000000002
16,1.0,Joe Mixon,CIN,RB11,RB,9.0,5.0,40.0,16.0,7.1,12.0,14.0875,7.73674134676006,240.59000000000003,103.64000000000004
17,2.0,Chris Godwin,TB,WR6,WR,13.0,9.0,74.0,16.8,6.2,23.0,19.578571428571433,10.914505420376527,250.04,94.23999999999998
18,1.0,Travis Kelce,KC,TE1,TE,10.0,11.0,21.0,17.3,0.9,21.0,15.83125,5.5935342137149755,255.12,112.51999999999998
19,1.0,George Kittle,SF,TE2,TE,11.0,15.0,46.0,18.3,1.8,24.0,15.892857142857142,6.6500970826591095,234.51,91.90999999999997
20,2.0,Allen Robinson,CHI,WR7,WR,11.0,12.0,58.0,21.8,6.8,35.0,15.931250000000002,7.552016838787725,233.70000000000002,77.9
21,1.0,Josh Jacobs,LV,RB12,RB,6.0,5.0,51.0,23.9,7.1,11.0,14.661538461538461,7.621082432036635,228.89000000000001,91.94000000000003
22,1.0,Aaron Jones,GB,RB13,RB,5.0,8.0,51.0,24.2,7.8,20.0,19.550000000000004,13.430512524347932,244.35,107.4
23,1.0,Nick Chubb,CLE,RB14,RB,9.0,6.0,52.0,24.6,5.7,16.0,15.7625,9.363039036552182,230.76999999999998,93.82
24,2.0,Kenny Golladay,DET,WR8,WR,5.0,13.0,75.0,24.6,6.9,26.0,15.4375,8.305409883523712,233.48,77.67999999999998
25,1.0,Patrick Mahomes,KC,QB1,QB,10.0,19.0,54.0,27.0,9.7,19.0,26.45357142857143,10.227968147075078,449.47,118.45999999999998
26,2.0,D.J. Moore,CAR,WR9,WR,13.0,11.0,62.0,27.9,7.3,38.0,15.3,6.973009188496538,240.79,84.98999999999998
27,2.0,JuJu Smith-Schuster,PIT,WR10,WR,8.0,11.0,64.0,28.0,7.5,37.0,9.35,6.83274202910981,221.12,65.32
28,2.0,Mike Evans,TB,WR11,WR,13.0,13.0,62.0,29.1,7.3,28.0,17.746153846153845,14.41576772060229,237.53999999999996,81.73999999999995
29,2.0,Amari Cooper,DAL,WR12,WR,10.0,15.0,48.0,31.5,6.7,39.0,15.406250000000004,11.09729509084684,231.57999999999998,75.77999999999997
30,1.0,Lamar Jackson,BAL,QB2,QB,8.0,6.0,68.0,32.2,10.2,22.0,34.06333333333333,10.64714023755183,442.79,111.77999999999997
31,2.0,Odell Beckham Jr.,CLE,WR13,WR,9.0,12.0,65.0,32.3,7.2,36.0,12.531250000000002,6.297059498951342,220.02,64.22
32,2.0,Adam Thielen,MIN,WR14,WR,7.0,15.0,62.0,32.7,8.0,31.0,11.440000000000001,10.105576018548703,231.73000000000002,75.93
33,2.0,Robert Woods,LAR,WR15,WR,9.0,15.0,73.0,33.3,8.5,46.0,15.526666666666667,8.353995337276537,239.0,83.19999999999999
34,2.0,Cooper Kupp,LAR,WR16,WR,9.0,9.0,78.0,35.3,9.0,41.0,16.90625,9.827340688100723,234.44,78.63999999999999
35,1.0,Mark Andrews,BAL,TE3,TE,8.0,17.0,63.0,37.0,12.4,47.0,13.746666666666668,8.388501199913629,189.81000000000003,47.21000000000001
36,2.0,Calvin Ridley,ATL,WR17,WR,10.0,16.0,86.0,37.5,7.9,43.0,15.0,7.899578047803144,229.93,74.13
37,2.0,Leonard Fournette,JAX,RB15,RB,7.0,10.0,84.0,38.4,11.4,33.0,17.226666666666667,7.299164988120868,224.45,87.5
38,2.0,Todd Gurley,ATL,RB16,RB,10.0,10.0,89.0,39.0,12.4,29.0,14.360000000000005,6.24771958397622,223.32000000000002,86.37000000000003
39,1.0,Zach Ertz,PHI,TE4,TE,9.0,25.0,60.0,40.2,10.0,53.0,14.173333333333334,8.335506383337888,209.10999999999999,66.50999999999996
40,2.0,A.J. Brown,TEN,WR18,WR,7.0,9.0,65.0,40.4,8.0,45.0,13.568750000000001,9.644322595876462,217.44,61.639999999999986
41,2.0,Chris Carson,SEA,RB17,RB,6.0,4.0,79.0,41.0,9.8,30.0,15.240000000000002,7.007322700473514,224.11,87.16000000000003
42,2.0,Le'Veon Bell,NYJ,RB18,RB,11.0,8.0,71.0,42.4,10.2,27.0,14.133333333333333,4.419545333219351,226.48000000000002,89.53000000000003
43,2.0,James Conner,PIT,RB19,RB,8.0,20.0,89.0,44.4,12.7,25.0,14.45,9.773461799974234,207.14000000000001,70.19000000000003
44,2.0,Melvin Gordon,DEN,RB20,RB,8.0,16.0,84.0,45.0,9.7,34.0,14.816666666666668,7.273842717490383,206.81,69.86000000000001
45,2.0,Keenan Allen,LAC,WR19,WR,10.0,16.0,79.0,45.3,9.8,54.0,16.34375,9.580464063220875,229.95999999999998,74.15999999999997
46,2.0,Tyler Lockett,SEA,WR20,WR,6.0,13.0,73.0,45.6,7.6,52.0,14.7,10.795369377654477,224.25,68.44999999999999
47,3.0,D.J. Chark,JAX,WR21,WR,7.0,24.0,82.0,45.7,9.5,50.0,14.92,9.66866810150927,199.29,43.48999999999998
48,2.0,Terry McLaurin,WAS,WR22,WR,8.0,15.0,75.0,46.8,10.0,55.0,13.707142857142857,7.696499132794008,210.69,54.889999999999986
49,2.0,David Johnson,HOU,RB21,RB,8.0,20.0,93.0,48.8,12.4,32.0,10.807692307692308,10.708910739695668,218.19,81.24000000000001
50,3.0,Courtland Sutton,DEN,WR23,WR,8.0,30.0,110.0,49.4,10.5,61.0,13.925,5.93279023731667,212.51000000000002,56.71000000000001
51,3.0,D.K. Metcalf,SEA,WR24,WR,6.0,27.0,101.0,52.7,12.4,49.0,11.38125,6.290121222997217,202.11,46.31
52,3.0,DeVante Parker,MIA,WR25,WR,11.0,25.0,122.0,54.0,10.4,70.0,15.387500000000003,8.217288685042856,215.26,59.45999999999998
53,3.0,Jonathan Taylor,IND,RB22,RB,7.0,22.0,177.0,55.3,18.4,40.0,,,169.26,32.31
54,2.0,Dak Prescott,DAL,QB3,QB,10.0,19.0,88.0,56.1,5.8,63.0,26.9875,10.954032742936883,410.29,79.27999999999997
55,2.0,Darren Waller,LV,TE5,TE,6.0,26.0,136.0,56.2,13.7,62.0,,,191.84000000000003,49.24000000000001
56,3.0,T.Y. Hilton,IND,WR26,WR,7.0,24.0,124.0,57.6,12.4,58.0,12.51,7.989778191887154,209.66,53.859999999999985
57,2.0,Mark Ingram II,BAL,RB23,RB,8.0,27.0,123.0,58.4,12.4,48.0,15.766666666666667,8.410509298887117,176.61,39.660000000000025
58,2.0,Russell Wilson,SEA,QB4,QB,6.0,38.0,91.0,60.4,7.2,59.0,26.41875,12.265940309110698,398.18500000000006,67.17500000000001
59,2.0,Kyler Murray,ARI,QB5,QB,8.0,19.0,87.0,61.1,7.0,66.0,21.406249999999996,8.786730051617612,376.4,45.38999999999993
60,3.0,Stefon Diggs,BUF,WR27,WR,11.0,32.0,88.0,61.4,10.7,67.0,13.939999999999998,10.17797341601671,199.23999999999998,43.43999999999997
61,2.0,David Montgomery,CHI,RB24,RB,11.0,36.0,85.0,63.3,11.6,42.0,10.525,6.7802163190663265,175.62,38.670000000000016
62,2.0,Kareem Hunt,CLE,RB25,RB,9.0,28.0,133.0,63.6,11.7,56.0,12.675,3.7404163251855107,177.53000000000003,40.58000000000004
63,2.0,Deshaun Watson,HOU,QB6,QB,8.0,38.0,105.0,65.3,8.9,69.0,26.299999999999994,13.527076022344435,395.18999999999994,64.1799999999999
64,3.0,Jarvis Landry,CLE,WR28,WR,9.0,43.0,96.0,65.7,9.2,84.0,14.837500000000002,7.998072684507602,205.43,49.629999999999995
65,3.0,Tyler Boyd,CIN,WR29,WR,9.0,36.0,134.0,66.2,11.5,86.0,13.80625,8.64464911568615,199.95,44.14999999999998
66,2.0,Devin Singletary,BUF,RB26,RB,11.0,11.0,110.0,66.5,13.9,44.0,12.241666666666669,5.954899943184044,189.98000000000002,53.03000000000003
67,3.0,A.J. Green,CIN,WR30,WR,9.0,29.0,145.0,67.9,10.9,65.0,,,205.02,49.22
68,3.0,Julian Edelman,NE,WR31,WR,6.0,33.0,181.0,70.3,14.0,74.0,15.984375000000004,7.191238158342414,200.45000000000002,44.650000000000006
69,3.0,Marquise Brown,BAL,WR32,WR,8.0,33.0,127.0,72.0,13.4,68.0,10.457142857142857,8.70673605590825,190.76000000000002,34.96000000000001
70,3.0,Raheem Mostert,SF,RB27,RB,11.0,34.0,163.0,73.6,13.9,51.0,10.200000000000001,8.785821911845623,165.72,28.77000000000001
71,3.0,Michael Gallup,DAL,WR33,WR,10.0,43.0,123.0,73.6,12.1,79.0,15.192857142857147,8.434039481649464,198.98,43.17999999999998
72,3.0,D'Andre Swift,DET,RB28,RB,5.0,40.0,172.0,73.7,16.1,57.0,,,168.58,31.630000000000024
73,2.0,Evan Engram,NYG,TE6,TE,11.0,24.0,133.0,75.1,18.5,77.0,13.675,8.484060685443366,170.37,27.769999999999982
74,3.0,James White,NE,RB29,RB,6.0,23.0,198.0,77.0,17.5,71.0,13.169999999999998,7.806540298273713,167.85,30.900000000000006
75,3.0,Josh Allen,BUF,QB7,QB,11.0,59.0,118.0,77.1,12.1,102.0,21.278125,9.634745607262635,364.78999999999996,33.779999999999916
76,3.0,Cam Akers,LAR,RB30,RB,9.0,34.0,176.0,77.3,19.0,64.0,,,158.73000000000002,21.78000000000003
77,3.0,Marvin Jones,DET,WR34,WR,5.0,50.0,114.0,79.0,10.8,98.0,14.915384615384616,10.788021609934336,192.33999999999997,36.539999999999964
78,3.0,Matt Ryan,ATL,QB8,QB,10.0,61.0,122.0,80.1,10.8,87.0,22.866666666666667,10.089769689192732,382.64000000000004,51.629999999999995
79,2.0,Tyler Higbee,LAR,TE7,TE,9.0,26.0,161.0,80.3,21.4,90.0,10.693333333333333,8.462730618648424,161.83,19.22999999999999
80,3.0,Hunter Henry,LAC,TE8,TE,10.0,53.0,159.0,81.5,20.5,99.0,12.266666666666667,7.164347757324374,159.39,16.789999999999964
81,4.0,Will Fuller,HOU,WR35,WR,8.0,49.0,194.0,83.7,18.6,76.0,12.181818181818182,14.807485821827969,177.39,21.589999999999975
82,4.0,Brandin Cooks,HOU,WR36,WR,8.0,48.0,193.0,84.6,15.3,78.0,8.392857142857144,5.814102786225163,174.83,19.03
83,4.0,Tarik Cohen,CHI,RB31,RB,11.0,51.0,149.0,89.0,19.8,89.0,10.24375,4.400146777854879,170.94,33.99000000000001
84,3.0,Ronald Jones II,TB,RB32,RB,13.0,38.0,181.0,89.5,21.5,60.0,10.26875,6.30594626787553,174.46000000000004,37.51000000000005
85,3.0,Carson Wentz,PHI,QB9,QB,9.0,61.0,117.0,90.2,12.7,107.0,22.015624999999996,7.573104135689671,364.02500000000003,33.014999999999986
86,3.0,Drew Brees,NO,QB10,QB,6.0,61.0,131.0,91.5,13.1,80.0,27.686363636363637,14.28476620230606,371.245,40.23499999999996
87,4.0,Jamison Crowder,NYJ,WR37,WR,11.0,48.0,215.0,93.2,22.8,112.0,12.356250000000001,8.492268542621577,187.74,31.939999999999998
88,4.0,Diontae Johnson,PIT,WR38,WR,8.0,45.0,189.0,94.1,21.2,88.0,9.693750000000001,6.748181853902081,183.92,28.119999999999976
89,4.0,Christian Kirk,ARI,WR39,WR,8.0,49.0,198.0,94.8,23.9,120.0,12.784615384615384,9.284291945166142,180.17999999999998,24.379999999999967
90,4.0,Matt Breida,MIA,RB33,RB,11.0,57.0,144.0,97.3,14.9,83.0,7.869230769230769,7.436328015827057,140.62,3.670000000000016
91,4.0,Hayden Hurst,ATL,TE9,TE,10.0,46.0,206.0,98.4,26.1,82.0,4.806250000000001,3.746726348872217,148.12,5.519999999999982
92,4.0,Tom Brady,TB,QB11,QB,13.0,56.0,162.0,98.9,14.6,92.0,21.328124999999996,8.791301927663122,372.985,41.974999999999966
93,4.0,Jordan Howard,MIA,RB34,RB,11.0,51.0,163.0,99.8,15.7,81.0,11.139999999999999,9.25481256188128,135.31,-1.6399999999999864
94,5.0,Sterling Shepard,NYG,WR40,WR,11.0,75.0,199.0,100.2,19.3,132.0,13.98,6.047736031864413,181.60999999999999,25.809999999999974
95,5.0,Matthew Stafford,DET,QB12,QB,5.0,77.0,172.0,101.1,12.2,117.0,27.693750000000005,9.63188297493575,351.28,20.269999999999925
96,4.0,Aaron Rodgers,GB,QB13,QB,5.0,56.0,167.0,102.8,16.5,96.0,22.275000000000002,13.22374127595263,365.12500000000006,34.11500000000001
97,5.0,John Brown,BUF,WR41,WR,11.0,58.0,169.0,103.2,19.2,157.0,14.806666666666668,7.112410347581259,165.81,10.009999999999991
98,4.0,J.K. Dobbins,BAL,RB35,RB,8.0,59.0,181.0,103.9,20.4,73.0,,,115.82000000000001,-21.12999999999998
99,4.0,Phillip Lindsay,DEN,RB36,RB,8.0,66.0,181.0,104.4,17.6,94.0,12.356250000000001,7.201941289217327,142.73,5.780000000000001
100,3.0,Austin Hooper,CLE,TE10,TE,9.0,63.0,161.0,105.4,20.3,141.0,14.592307692307692,6.814991017169617,142.24,-0.36000000000001364
101,5.0,Mike Gesicki,MIA,TE11,TE,11.0,53.0,259.0,107.1,27.4,152.0,8.4375,7.16108697522008,144.48000000000002,1.8799999999999955
102,5.0,Darius Slayton,NYG,WR42,WR,11.0,55.0,205.0,107.4,23.8,110.0,12.142857142857142,10.373614034263476,161.07999999999998,5.279999999999973
103,6.0,CeeDee Lamb,DAL,WR43,WR,10.0,64.0,289.0,109.5,24.0,101.0,,,155.18,-0.6200000000000045
104,4.0,Kerryon Johnson,DET,RB37,RB,5.0,42.0,190.0,110.4,16.3,103.0,10.499999999999998,4.944549668935628,157.68,20.730000000000018
105,3.0,Jared Cook,NO,TE12,TE,6.0,63.0,163.0,111.2,22.2,116.0,11.964285714285717,6.5789415962959055,151.32,8.71999999999997
106,5.0,Mike Williams,LAC,WR44,WR,10.0,65.0,202.0,111.6,22.4,174.0,10.753333333333334,3.812360848358303,161.85,6.049999999999983
107,5.0,Anthony Miller,CHI,WR45,WR,11.0,69.0,212.0,108.3,24.7,138.0,7.90625,8.207676792694345,162.12,6.319999999999993
108,5.0,Deebo Samuel,SF,WR46,WR,11.0,66.0,244.0,112.0,27.8,93.0,12.406666666666666,7.384198057499606,155.89999999999998,0.0999999999999659
109,5.0,Tevin Coleman,SF,RB38,RB,11.0,84.0,184.0,112.8,14.3,91.0,9.671428571428574,9.352862874865853,132.03,-4.9199999999999875
110,5.0,Emmanuel Sanders,NO,WR47,WR,6.0,75.0,246.0,110.0,27.8,100.0,11.214705882352943,10.182579558765465,158.86,3.0600000000000023
111,4.0,Rob Gronkowski,TB,TE13,TE,13.0,68.0,208.0,114.1,24.9,72.0,,,142.62,0.01999999999998181
112,4.0,Marlon Mack,IND,RB39,RB,7.0,51.0,182.0,117.2,23.6,75.0,12.807142857142859,6.380193424330342,136.75,-0.19999999999998863
113,5.0,Latavius Murray,NO,RB40,RB,6.0,84.0,187.0,118.5,17.2,95.0,9.825000000000001,10.39778822634891,123.8,-13.149999999999991
114,6.0,Daniel Jones,NYG,QB14,QB,11.0,73.0,184.0,119.3,18.6,129.0,20.48076923076923,15.251523673357175,339.435,8.424999999999955
115,5.0,Golden Tate,NYG,WR48,WR,11.0,58.0,243.0,119.6,26.9,144.0,13.745454545454544,6.395836714045105,175.76000000000002,19.960000000000008
116,6.0,Ben Roethlisberger,PIT,QB15,QB,8.0,87.0,177.0,120.1,12.2,135.0,,,325.32000000000005,-5.689999999999998
117,6.0,Preston Williams,MIA,WR49,WR,11.0,67.0,262.0,124.6,26.6,156.0,11.225000000000001,5.643896830078614,173.75000000000003,17.950000000000017
118,6.0,Sony Michel,NE,RB41,RB,6.0,76.0,235.0,124.9,26.3,111.0,9.475000000000001,6.077115543852472,131.09000000000003,-5.859999999999957
119,5.0,Jerry Jeudy,DEN,WR50,WR,8.0,73.0,229.0,126.5,26.5,119.0,,,149.73000000000002,-6.069999999999993
120,3.0,T.J. Hockenson,DET,TE14,TE,5.0,69.0,173.0,127.5,18.5,147.0,6.7250000000000005,6.810436509838811,135.25,-7.350000000000023
121,6.0,Jared Goff,LAR,QB16,QB,9.0,87.0,197.0,127.5,17.6,154.0,19.806250000000002,11.20523501166605,341.92,10.909999999999968
122,4.0,Noah Fant,DEN,TE15,TE,8.0,78.0,200.0,127.8,18.5,126.0,6.875000000000001,6.2194855092684325,142.60000000000002,0.0
123,6.0,Duke Johnson,HOU,RB42,RB,8.0,80.0,213.0,128.4,20.1,125.0,9.5625,5.981513186477148,136.95,0.0
124,6.0,Darrell Henderson,LAR,RB43,RB,9.0,76.0,271.0,128.5,21.6,118.0,,,119.77,-17.179999999999993
125,7.0,Jalen Reagor,PHI,WR51,WR,9.0,64.0,343.0,128.6,39.7,123.0,,,155.8,0.0
126,7.0,Ke'Shawn Vaughn,TB,RB44,RB,13.0,59.0,334.0,130.1,40.1,109.0,,,104.93,-32.01999999999998
127,6.0,Ryan Tannehill,TEN,QB17,QB,7.0,87.0,194.0,130.4,18.9,164.0,23.71666666666667,11.526852707193468,332.95500000000004,1.9449999999999932
128,6.0,Baker Mayfield,CLE,QB18,QB,9.0,92.0,186.0,131.0,19.5,142.0,17.903125000000003,8.61058396683988,323.93499999999995,-7.075000000000102
129,,Dallas Goedert,PHI,TE16,TE,9.0,69.0,235.0,131.2,17.1,173.0,9.513333333333332,5.670458115363806,129.23000000000002,-13.370000000000005
130,7.0,Cam Newton,NE,QB19,QB,6.0,70.0,359.0,129.5,46.7,124.0,,,331.01000000000005,0.0
131,,Jonnu Smith,TEN,TE17,TE,7.0,66.0,281.0,132.8,22.4,160.0,6.54375,6.325711422440958,122.7,-19.90000000000002
132,6.0,Justin Jefferson,MIN,WR52,WR,7.0,74.0,285.0,134.3,36.8,128.0,,,147.08999999999997,-8.710000000000036
133,5.0,Alexander Mattison,MIN,RB45,RB,7.0,65.0,194.0,136.8,19.3,97.0,5.184615384615385,3.8394544217128375,95.63,-41.31999999999999
134,6.0,Henry Ruggs III,LV,WR53,WR,6.0,65.0,271.0,137.2,36.3,105.0,,,154.87999999999997,-0.9200000000000443
135,7.0,Zack Moss,BUF,RB46,RB,11.0,85.0,344.0,137.6,39.0,104.0,,,111.24,-25.709999999999994
136,,Jack Doyle,IND,TE18,TE,7.0,70.0,209.0,137.9,17.2,179.0,6.9875,5.07094665718345,128.07,-14.53000000000003
137,6.0,Adrian Peterson,WAS,RB47,RB,8.0,66.0,256.0,138.5,30.0,114.0,9.666666666666668,5.424503488360765,120.35,-16.599999999999994
138,6.0,Joe Burrow,CIN,QB20,QB,9.0,91.0,212.0,141.0,23.9,150.0,,,316.66,-14.350000000000023
139,6.0,Tony Pollard,DAL,RB48,RB,10.0,88.0,234.0,141.5,19.8,122.0,5.746666666666667,7.870457117480233,105.34,-31.609999999999985
140,7.0,Antonio Gibson,WAS,RB49,RB,8.0,47.0,357.0,133.5,55.8,85.0,,,124.78000000000002,-12.169999999999973
141,5.0,Nyheim Hines,IND,RB50,RB,7.0,69.0,187.0,142.9,22.9,158.0,6.55625,3.485200855044082,116.84000000000002,-20.10999999999997
142,6.0,N'Keal Harry,NE,WR54,WR,6.0,63.0,275.0,144.9,32.0,162.0,5.628571428571429,3.8308894901464177,139.89,-15.910000000000025
143,7.0,Boston Scott,PHI,RB51,RB,9.0,89.0,345.0,146.5,33.5,130.0,8.718181818181819,11.645069186726044,112.42999999999999,-24.519999999999996
144,,Blake Jarwin,DAL,TE19,TE,10.0,92.0,290.0,147.3,23.3,176.0,5.343750000000001,3.963326675071503,122.38,-20.220000000000027
145,8.0,Mecole Hardman,KC,WR55,WR,10.0,86.0,212.0,144.1,29.3,108.0,6.96875,6.696836939929178,130.66,-25.140000000000015
146,8.0,Curtis Samuel,CAR,WR56,WR,13.0,85.0,237.0,148.9,30.3,187.0,10.731250000000001,5.98071553690136,144.29999999999998,-11.500000000000028
147,8.0,Robby Anderson,CAR,WR57,WR,13.0,72.0,216.0,147.4,27.5,192.0,10.018749999999999,7.468531203210799,152.21999999999997,-3.580000000000041
148,,Kirk Cousins,MIN,QB21,QB,7.0,116.0,251.0,153.4,23.9,183.0,21.430000000000003,10.079785286828855,330.53499999999997,-0.4750000000000796
149,8.0,Breshad Perriman,NYJ,WR58,WR,11.0,88.0,261.0,154.7,32.4,175.0,9.864285714285714,10.527225300499296,151.77,-4.030000000000001
150,,Jimmy Garoppolo,SF,QB22,QB,11.0,86.0,254.0,159.3,24.4,168.0,19.943749999999998,11.3884572411426,324.06,-6.9500000000000455
151,8.0,Chase Edmonds,ARI,RB52,RB,8.0,111.0,259.0,160.6,25.7,113.0,6.36923076923077,10.308037690348295,88.32000000000001,-48.62999999999998
152,8.0,Sammy Watkins,KC,WR59,WR,10.0,73.0,220.0,158.1,24.8,131.0,9.67857142857143,11.491547299674632,150.95,-4.850000000000023
153,,Ian Thomas,CAR,TE20,TE,13.0,106.0,258.0,162.0,29.3,,,,121.2,-21.40000000000002
154,,Gardner Minshew II,JAX,QB23,QB,7.0,103.0,343.0,162.0,31.1,,20.353571428571428,7.989740158615786,324.30000000000007,-6.7099999999999795
155,,Eric Ebron,PIT,TE21,TE,8.0,106.0,243.0,162.2,22.3,165.0,7.863636363636365,4.67103258975416,122.72000000000001,-19.88000000000001
156,7.0,Allen Lazard,GB,WR60,WR,5.0,80.0,310.0,159.5,41.3,146.0,6.425000000000001,6.455230437405004,145.19,-10.610000000000014
157,,Chris Herndon IV,NYJ,TE22,TE,11.0,90.0,273.0,167.9,32.4,,,,126.01,-16.590000000000018
158,,Brandon Aiyuk,SF,WR61,WR,11.0,82.0,300.0,168.6,39.1,140.0,,,126.31000000000002,-29.489999999999995
159,1.0,San Francisco (SF),SF,DST1,DST,11.0,116.0,320.0,145.2,20.8,,,,,
160,,Drew Lock,DEN,QB24,QB,8.0,95.0,275.0,169.0,24.9,180.0,17.640000000000004,8.848827605960013,309.21000000000004,-21.80000000000001
161,,Philip Rivers,IND,QB25,QB,7.0,116.0,284.0,167.9,24.1,184.0,18.915625000000002,8.66465461419746,312.06,-18.950000000000045
162,,DeSean Jackson,PHI,WR62,WR,9.0,45.0,261.0,163.3,34.7,133.0,12.299999999999999,20.019240744843447,152.92000000000002,-2.8799999999999955
163,2.0,Pittsburgh (PIT),PIT,DST2,DST,8.0,136.0,229.0,148.9,12.6,,,,,
164,3.0,Baltimore (BAL),BAL,DST3,DST,8.0,129.0,165.0,152.5,6.3,,,,,
165,8.0,Justin Jackson,LAC,RB53,RB,10.0,99.0,307.0,174.6,33.5,136.0,,,98.74000000000001,-38.20999999999998
166,,Teddy Bridgewater,CAR,QB26,QB,13.0,116.0,254.0,176.6,24.0,189.0,13.366666666666667,13.45766510208959,304.65999999999997,-26.35000000000008
167,,Michael Pittman Jr.,IND,WR63,WR,7.0,74.0,338.0,172.5,37.2,161.0,,,132.06,-23.74000000000001
168,2.0,Buffalo (BUF),BUF,DST4,DST,11.0,145.0,211.0,163.2,10.7,,,,,
169,,Irv Smith Jr.,MIN,TE23,TE,7.0,135.0,279.0,183.0,33.6,,4.94375,3.873494331134787,99.47,-43.130000000000024
170,,Parris Campbell,IND,WR64,WR,7.0,109.0,247.0,178.4,27.0,,,,110.8,-45.000000000000014
171,8.0,Jamaal Williams,GB,RB54,RB,5.0,100.0,309.0,174.9,33.7,,10.450000000000001,6.7012914943544795,92.71000000000001,-44.23999999999998
172,,Alshon Jeffery,PHI,WR65,WR,9.0,67.0,270.0,180.4,41.8,,12.220000000000002,9.801451139726426,120.9,-34.900000000000006
173,2.0,New England (NE),NE,DST5,DST,6.0,134.0,234.0,166.2,18.2,,,,,
174,,Larry Fitzgerald,ARI,WR66,WR,8.0,96.0,243.0,178.3,30.6,186.0,11.024999999999999,5.694734409961539,132.3,-23.5
175,7.0,A.J. Dillon,GB,RB55,RB,5.0,66.0,348.0,189.6,47.8,137.0,,,72.25,-64.69999999999999
176,,Sam Darnold,NYJ,QB27,QB,11.0,118.0,319.0,188.5,31.9,,18.107692307692307,11.899139432361032,296.745,-34.26500000000004
177,,Dede Westbrook,JAX,WR67,WR,7.0,79.0,293.0,186.4,34.0,,10.180000000000001,6.340482180852989,141.34,-14.460000000000008
178,1.0,Harrison Butker,KC,K1,K,10.0,115.0,194.0,173.7,5.4,,,,,
179,7.0,Darrynton Evans,TEN,RB56,RB,7.0,132.0,363.0,191.3,47.3,,,,92.53000000000002,-44.41999999999997
180,4.0,Chicago (CHI),CHI,DST6,DST,11.0,140.0,248.0,175.2,21.5,,,,,
181,2.0,Justin Tucker,BAL,K2,K,8.0,149.0,192.0,175.4,5.1,,,,,
182,,Hunter Renfrow,LV,WR68,WR,6.0,114.0,317.0,192.9,32.7,190.0,10.26923076923077,7.654887830158435,135.59,-20.210000000000008
183,7.0,Carlos Hyde,SEA,RB57,RB,6.0,93.0,351.0,193.8,40.9,177.0,9.45,4.386950345437401,58.18000000000001,-78.76999999999998
184,,Greg Olsen,SEA,TE24,TE,6.0,124.0,324.0,194.1,36.8,,8.835714285714285,7.015763256120752,107.52000000000001,-35.08000000000001
185,7.0,Damien Harris,NE,RB58,RB,6.0,93.0,373.0,192.3,51.0,134.0,,,45.080000000000005,-91.86999999999998
186,4.0,New Orleans (NO),NO,DST7,DST,6.0,140.0,239.0,183.2,19.4,,,,,
187,7.0,Chris Thompson,JAX,RB59,RB,7.0,100.0,358.0,197.5,41.0,182.0,8.509090909090908,4.361067425632066,88.25999999999999,-48.69
188,,Derek Carr,LV,QB28,QB,6.0,116.0,284.0,200.3,36.3,,19.743750000000006,7.458482307636945,301.97,-29.04000000000002
189,,James Washington,PIT,WR69,WR,8.0,113.0,298.0,193.8,24.5,,8.833333333333334,6.566980896518437,100.33,-55.47000000000001
190,,Randall Cobb,HOU,WR70,WR,8.0,111.0,246.0,197.8,27.8,,10.259999999999998,6.248634136467631,121.42,-34.38000000000001
191,2.0,Wil Lutz,NO,K3,K,6.0,168.0,253.0,184.9,9.5,,,,,
192,8.0,Giovani Bernard,CIN,RB60,RB,9.0,132.0,272.0,193.4,23.9,,4.2125,2.531633201446581,87.25,-49.69999999999999
193,,Denzel Mims,NYJ,WR71,WR,11.0,99.0,296.0,196.4,32.1,,,,117.14999999999999,-38.65000000000002
194,,Corey Davis,TEN,WR72,WR,7.0,89.0,252.0,197.2,25.8,,7.673333333333336,5.565001176571133,135.15,-20.650000000000006
195,,Anthony McFarland Jr.,PIT,RB61,RB,8.0,134.0,362.0,205.5,51.0,166.0,,,64.96,-71.99
196,2.0,Greg Zuerlein,DAL,K4,K,10.0,167.0,204.0,190.4,6.2,,,,,
197,5.0,Kansas City (KC),KC,DST8,DST,10.0,140.0,292.0,191.4,24.2,,,,,
198,5.0,Minnesota (MIN),MIN,DST9,DST,7.0,125.0,279.0,194.8,23.0,,,,,
199,,Cole Beasley,BUF,WR73,WR,11.0,137.0,263.0,201.5,23.4,,12.053333333333335,5.433870846914968,136.52,-19.28
200,,Jace Sternberger,GB,TE25,TE,5.0,127.0,299.0,206.8,37.0,,,,102.96000000000001,-39.640000000000015
201,,Joshua Kelley,LAC,RB62,RB,10.0,81.0,361.0,199.0,48.9,167.0,,,67.46000000000001,-69.48999999999998
202,,Laviska Shenault Jr.,JAX,WR74,WR,7.0,99.0,349.0,213.8,41.3,,,,84.13,-71.67000000000002
203,,Tyrell Williams,LV,WR75,WR,6.0,111.0,261.0,201.8,26.0,,10.221428571428572,6.325914779871588,122.64,-33.16000000000001
204,5.0,Los Angeles (LAR),LAR,DST10,DST,9.0,139.0,288.0,194.5,26.1,,,,,
205,,John Ross,CIN,WR76,WR,9.0,141.0,270.0,210.8,24.1,,11.750000000000002,11.366492108700152,88.68,-67.12
206,,Ryquell Armstead,JAX,RB63,RB,7.0,122.0,327.0,218.5,44.3,181.0,3.1999999999999997,5.829007920163888,63.75,-73.19999999999999
207,,DeAndre Washington,KC,RB64,RB,10.0,99.0,321.0,209.4,52.1,151.0,7.618750000000001,6.9165712844828935,51.93,-85.01999999999998
208,,Steven Sims,WAS,WR77,WR,8.0,101.0,343.0,205.0,51.6,,6.46875,7.817392468080389,139.96,-15.840000000000003
209,,Tee Higgins,CIN,WR78,WR,9.0,128.0,340.0,217.2,29.9,,,,108.97000000000001,-46.83
210,,Jalen Richard,LV,RB65,RB,6.0,143.0,316.0,215.0,35.7,,5.175000000000001,3.180461182491202,96.76000000000002,-40.18999999999997
211,5.0,Denver (DEN),DEN,DST11,DST,8.0,144.0,296.0,209.4,20.0,,,,,
212,,O.J. Howard,TB,TE26,TE,13.0,63.0,340.0,219.5,37.2,,5.921428571428572,4.768192460530441,85.52000000000001,-57.08000000000001
213,,Kenny Stills,HOU,WR79,WR,8.0,122.0,304.0,217.5,27.5,,9.238461538461538,5.268861113741511,90.19,-65.61000000000001
214,,Mohamed Sanu,NE,WR80,WR,6.0,98.0,306.0,220.9,25.4,,8.273333333333333,6.662846524536177,104.94,-50.860000000000014
215,,Malcolm Brown,LAR,RB66,RB,9.0,144.0,352.0,227.5,42.8,,4.221428571428571,5.089533539367989,65.58000000000001,-71.36999999999998
216,4.0,Philadelphia (PHI),PHI,DST12,DST,9.0,140.0,249.0,211.4,17.1,,,,,
217,,Kyle Rudolph,MIN,TE27,TE,7.0,133.0,305.0,221.2,35.2,,6.98125,6.514519040829747,105.84,-36.76000000000002
218,3.0,Robbie Gould,SF,K5,K,11.0,183.0,300.0,209.7,15.9,,,,,
219,4.0,Matt Gay,TB,K6,K,13.0,183.0,321.0,216.2,19.5,,,,,
220,,Los Angeles (LAC),LAC,DST13,DST,10.0,158.0,346.0,211.4,32.3,,,,,
221,,Rashaad Penny,SEA,RB67,RB,6.0,119.0,388.0,223.7,48.0,,7.43,9.412999285857593,61.79,-75.16
222,,Dawson Knox,BUF,TE28,TE,11.0,136.0,305.0,230.2,33.1,,5.313333333333333,4.394780453912941,95.92000000000002,-46.68000000000001
223,,Danny Amendola,DET,WR81,WR,5.0,146.0,351.0,223.4,29.1,,9.51666666666667,6.823689478224965,141.81,-13.990000000000009
224,,Gerald Everett,LAR,TE29,TE,9.0,94.0,331.0,230.4,38.0,,6.907692307692307,6.9194727085308,82.08000000000001,-60.52000000000001
225,,Tyrod Taylor,LAC,QB29,QB,10.0,114.0,352.0,244.7,47.0,,,,186.85000000000002,-144.16000000000003
226,4.0,Matt Prater,DET,K7,K,5.0,185.0,324.0,222.4,17.7,,,,,
227,,Dwayne Haskins,WAS,QB30,QB,8.0,115.0,292.0,242.2,34.2,,10.372222222222222,9.26799301059536,227.855,-103.15500000000006
228,,Tennessee (TEN),TEN,DST14,DST,7.0,160.0,294.0,225.7,17.8,,,,,
229,,Ito Smith,ATL,RB68,RB,10.0,155.0,337.0,235.2,35.9,,,,86.1,-50.849999999999994
230,3.0,Jake Elliott,PHI,K8,K,9.0,182.0,292.0,231.8,16.9,,,,,
231,4.0,Zane Gonzalez,ARI,K9,K,8.0,173.0,329.0,230.1,23.1,,,,,
232,,Royce Freeman,DEN,RB69,RB,8.0,112.0,352.0,228.6,52.1,,8.887500000000001,4.326334090967394,52.44,-84.50999999999999
233,,Seattle (SEA),SEA,DST15,DST,6.0,150.0,303.0,231.5,22.8,,,,,
234,,Benny Snell Jr.,PIT,RB70,RB,8.0,144.0,328.0,241.0,41.9,,,,58.349999999999994,-78.6
235,3.0,Ka'imi Fairbairn,HOU,K10,K,8.0,192.0,300.0,231.9,15.4,,,,,
236,,Will Dissly,SEA,TE30,TE,6.0,92.0,325.0,239.3,37.1,,12.316666666666665,9.20226421413049,65.61,-76.99000000000002
237,,Green Bay (GB),GB,DST16,DST,5.0,179.0,307.0,239.5,20.3,,,,,
238,,Indianapolis (IND),IND,DST17,DST,7.0,151.0,303.0,230.8,31.4,,,,,
239,,Josh Reynolds,LAR,WR82,WR,9.0,174.0,328.0,236.7,30.2,,3.86875,4.483409231079997,112.67,-43.13000000000001
240,,Chris Conley,JAX,WR83,WR,7.0,186.0,301.0,234.6,20.1,,9.656250000000002,6.8420239451982825,110.71000000000001,-45.09
241,3.0,Michael Badgley,LAC,K11,K,10.0,207.0,309.0,236.7,20.0,,,,,
242,,Justice Hill,BAL,RB71,RB,8.0,142.0,368.0,239.6,53.5,,3.0937499999999996,4.0807627963409,39.31,-97.63999999999999
243,,Russell Gage,ATL,WR84,WR,10.0,147.0,332.0,237.6,35.5,,6.1125,5.981513186477148,107.80999999999999,-47.99000000000002
244,,Jaylen Samuels,PIT,RB72,RB,8.0,123.0,357.0,237.8,42.1,,7.339285714285715,7.092579507198638,60.709999999999994,-76.24
245,,Jerick McKinnon,SF,RB73,RB,11.0,116.0,362.0,242.5,53.5,178.0,,,82.4,-54.54999999999998
246,,Rex Burkhead,NE,RB74,RB,6.0,126.0,313.0,236.6,32.9,,7.700000000000002,6.131612077314307,65.31,-71.63999999999999
247,,Jimmy Graham,CHI,TE31,TE,11.0,138.0,305.0,247.3,32.5,,6.293750000000001,5.496116052874672,100.30000000000001,-42.30000000000001
248,,Miles Boykin,BAL,WR85,WR,8.0,157.0,304.0,239.8,27.4,,3.1749999999999994,4.014556845614055,85.54,-70.26
249,,Dion Lewis,NYG,RB75,RB,11.0,131.0,311.0,238.7,28.9,,4.08125,2.9953783845562265,61.45,-75.49999999999999
250,,Bryce Love,WAS,RB76,RB,8.0,89.0,357.0,253.5,62.7,153.0,,,61.209999999999994,-75.74
251,,Cleveland (CLE),CLE,DST18,DST,9.0,130.0,309.0,248.5,23.9,,,,,
252,3.0,Mason Crosby,GB,K12,K,5.0,203.0,300.0,242.3,14.6,,,,,
253,,Dallas (DAL),DAL,DST19,DST,10.0,149.0,303.0,247.6,25.7,,,,,
254,,Ryan Fitzpatrick,MIA,QB31,QB,11.0,154.0,358.0,263.3,40.5,,19.983333333333334,12.48284060315638,147.29999999999998,-183.71000000000006
255,,Tampa Bay (TB),TB,DST20,DST,13.0,162.0,340.0,246.9,37.2,,,,,
256,,New York (NYJ),NYJ,DST21,DST,11.0,176.0,327.0,245.6,34.6,,,,,
257,,David Njoku,CLE,TE32,TE,9.0,93.0,383.0,252.5,36.4,,,,85.33,-57.270000000000024
258,,Tre'Quan Smith,NO,WR86,WR,6.0,191.0,349.0,246.1,28.9,,6.490909090909091,5.287051077009669,65.67999999999999,-90.12000000000002
259,,Dan Bailey,MIN,K13,K,7.0,181.0,290.0,250.6,13.4,,,,,
260,,Nick Foles,CHI,QB32,QB,11.0,149.0,358.0,268.1,41.2,,11.275,11.72976981871341,195.675,-135.33500000000004
261,,Chase Claypool,PIT,WR87,WR,8.0,180.0,351.0,254.4,36.1,,,,85.01,-70.79
262,,Younghoe Koo,ATL,K14,K,10.0,207.0,323.0,250.4,29.3,,,,,
263,,Brandon McManus,DEN,K15,K,8.0,189.0,332.0,255.0,19.0,,,,,
264,,Andy Isabella,ARI,WR88,WR,8.0,167.0,343.0,249.0,31.6,,2.36,4.617791680013294,55.03000000000001,-100.77000000000001
265,,Gus Edwards,BAL,RB77,RB,8.0,171.0,379.0,260.6,43.3,,5.7250000000000005,4.218609565563833,43.45,-93.49999999999999
266,,Jason Myers,SEA,K16,K,6.0,166.0,292.0,258.5,18.1,,,,,
267,,Adam Humphries,TEN,WR89,WR,7.0,155.0,338.0,252.5,28.3,,7.208333333333333,4.003965837047367,100.11000000000001,-55.69
268,,Chris Boswell,PIT,K17,K,8.0,173.0,300.0,268.2,18.4,,,,,
269,,Tua Tagovailoa,MIA,QB33,QB,11.0,104.0,369.0,285.0,47.8,,,,195.19500000000002,-135.81500000000003
270,,Tyler Eifert,JAX,TE33,TE,7.0,171.0,349.0,265.7,32.8,,6.537500000000001,4.145499567804424,94.45,-48.15000000000002
271,,Joey Slye,CAR,K18,K,13.0,210.0,339.0,269.7,23.3,,,,,
272,,Dare Ogunbowale,TB,RB78,RB,13.0,146.0,352.0,263.9,37.9,,4.643750000000002,2.9767921772718138,36.24,-100.70999999999998
273,,Marquez Valdes-Scantling,GB,WR90,WR,5.0,112.0,344.0,263.6,28.3,109.0,,,59.1,-96.70000000000002
274,,Peyton Barber,WAS,RB79,RB,8.0,134.0,376.0,268.5,48.4,,7.09375,4.874760677886317,17.42,-119.52999999999999
275,,Darwin Thompson,KC,RB80,RB,10.0,177.0,388.0,272.6,40.7,,,,46.2,-90.74999999999999
276,,Devonta Freeman,FA,RB81,RB,,115.0,377.0,246.6,57.3,,,,,
277,,KJ Hamler,DEN,WR91,WR,8.0,160.0,373.0,256.6,35.3,,,,86.88000000000001,-68.92
278,,Vance McDonald,PIT,TE34,TE,8.0,134.0,358.0,272.3,33.5,,5.964285714285714,5.83459274735371,72.52,-70.08000000000003
279,,Houston (HOU),HOU,DST22,DST,8.0,137.0,316.0,279.9,20.3,,,,,
280,,Antonio Gandy-Golden,WAS,WR92,WR,8.0,128.0,382.0,265.6,48.9,,,,88.21000000000001,-67.59
281,,Phillip Dorsett,SEA,WR93,WR,6.0,194.0,375.0,267.7,30.4,,7.2,7.737222717785457,81.43,-74.37
282,,Zach Pascal,IND,WR94,WR,7.0,196.0,376.0,270.7,32.8,,8.33125,8.71762343378821,64.05,-91.75000000000001
283,,Stephen Hauschka,BUF,K19,K,11.0,192.0,338.0,280.7,16.0,,,,,
284,,Auden Tate,CIN,WR95,WR,9.0,138.0,385.0,277.0,39.3,,8.374999999999998,4.219247024594017,40.11000000000001,-115.69
285,,J.J. Arcega-Whiteside,PHI,WR96,WR,9.0,122.0,379.0,277.2,37.7,,,,37.589999999999996,-118.21000000000001
286,,Austin Seibert,CLE,K20,K,9.0,199.0,342.0,285.6,17.9,,,,,
287,,Bryan Edwards,LV,WR97,WR,6.0,106.0,390.0,250.4,58.6,,,,53.239999999999995,-102.56000000000002
288,,Josh Lambo,JAX,K21,K,7.0,174.0,320.0,282.9,19.3,,,,,
289,,Washington (WAS),WAS,DST23,DST,8.0,184.0,355.0,291.4,28.5,,,,,
290,,Nelson Agholor,LV,WR98,WR,6.0,173.0,396.0,281.1,42.0,,8.272727272727273,7.848960556543894,26.619999999999997,-129.18
291,,Brian Hill,ATL,RB82,RB,10.0,172.0,372.0,285.0,41.0,,5.6000000000000005,4.489786388925626,47.370000000000005,-89.57999999999998
292,,Frank Gore,NYJ,RB83,RB,11.0,130.0,370.0,284.4,50.0,,5.9312499999999995,5.215198142608453,56.040000000000006,-80.90999999999998
293,,Demarcus Robinson,KC,WR99,WR,10.0,196.0,380.0,284.5,34.1,,6.30625,8.670906815322143,46.77,-109.03
294,,LeSean McCoy,TB,RB84,RB,13.0,120.0,356.0,253.4,67.2,148.0,8.96923076923077,6.556343571354465,71.84,-65.10999999999999
295,,Mitch Trubisky,CHI,QB34,QB,11.0,159.0,363.0,305.4,39.0,,16.946666666666665,11.32862156957618,129.54000000000002,-201.47000000000003
296,,Jacksonville (JAC),JAX,DST24,DST,7.0,145.0,347.0,293.7,23.8,,,,,
297,,Lynn Bowden Jr.,LV,RB85,RB,6.0,146.0,361.0,260.7,53.7,,,,55.74,-81.20999999999998
298,,Lamar Miller,NE,RB86,RB,6.0,104.0,363.0,258.5,65.4,172.0,,,63.620000000000005,-73.32999999999998
299,,Willie Snead,BAL,WR100,WR,8.0,221.0,400.0,286.7,31.0,,5.9437500000000005,4.913650204617067,82.86,-72.94000000000001
300,,Van Jefferson,LAR,WR101,WR,9.0,138.0,401.0,285.8,37.7,,,,55.28,-100.52000000000001
301,,Jakobi Meyers,NE,WR102,WR,6.0,208.0,388.0,289.8,31.2,,4.126666666666667,3.9352739361295996,50.28,-105.52000000000001
302,,Cameron Brate,TB,TE35,TE,13.0,212.0,392.0,296.0,33.6,,5.6937500000000005,5.441135757664325,48.55,-94.05000000000003
303,,Brett Maher,NYJ,K22,K,11.0,156.0,342.0,296.5,23.5,,,,,
304,,Kendrick Bourne,SF,WR103,WR,11.0,108.0,391.0,283.1,45.7,,5.9875,5.072524026557193,88.14999999999999,-67.65000000000002
305,,Daniel Carlson,LV,K23,K,6.0,196.0,332.0,302.4,18.9,,,,,
306,,Darrel Williams,KC,RB87,RB,10.0,146.0,386.0,291.5,42.9,,5.566666666666666,6.525660305612178,44.0,-92.94999999999999
307,,Devin Duvernay,BAL,WR104,WR,8.0,128.0,398.0,284.4,44.8,,,,70.9,-84.9
308,,Mike Boone,MIN,RB88,RB,7.0,168.0,364.0,296.2,36.6,,3.125,7.1064759198916585,26.759999999999998,-110.19
309,,Atlanta (ATL),ATL,DST25,DST,10.0,182.0,341.0,304.1,19.3,,,,,
310,,David Moore,SEA,WR105,WR,6.0,213.0,389.0,292.5,29.3,,4.185714285714285,3.713770040280888,62.91,-92.89000000000001
311,,Detroit (DET),DET,DST26,DST,5.0,188.0,342.0,307.8,20.2,,,,,
312,,Patrick Laird,MIA,RB89,RB,11.0,226.0,380.0,296.0,31.7,,4.413333333333333,5.51295444082995,34.1,-102.85
313,,Lamical Perine,NYJ,RB90,RB,11.0,178.0,368.0,291.1,35.9,,,,47.19,-89.75999999999999
314,,Carolina (CAR),CAR,DST27,DST,13.0,178.0,352.0,309.1,27.2,,,,,
315,,Justin Herbert,LAC,QB35,QB,10.0,158.0,373.0,311.4,41.5,,,,143.21499999999997,-187.79500000000007
316,,Dustin Hopkins,WAS,K24,K,8.0,200.0,353.0,311.1,25.4,,,,,
317,,DaeSean Hamilton,DEN,WR106,WR,8.0,156.0,403.0,297.2,40.4,,3.9812499999999997,5.122397713310957,28.45,-127.35000000000001
318,,Aldrick Rosas,FA,K25,K,,186.0,332.0,300.4,17.9,,,,,
319,,Reggie Bonnafon,CAR,RB91,RB,13.0,187.0,381.0,310.9,31.6,,,,42.43000000000001,-94.51999999999998
320,,Chase McLaughlin,IND,K26,K,7.0,218.0,353.0,297.5,25.9,,,,,
321,,Trey Burton,IND,TE36,TE,7.0,152.0,388.0,294.1,39.8,,,,65.86000000000001,-76.74000000000001
322,,T.J. Yeldon,BUF,RB92,RB,11.0,216.0,382.0,317.2,29.7,,,,17.71,-119.23999999999998
323,,Darren Fells,HOU,TE37,TE,8.0,161.0,340.0,283.7,37.0,,6.8812500000000005,6.972538394778954,87.21,-55.39000000000003
324,,Justin Rohrwasser,NE,K27,K,6.0,217.0,353.0,287.0,31.2,,,,,
325,,DeeJay Dallas,SEA,RB93,RB,6.0,200.0,372.0,307.5,35.7,,,,30.209999999999997,-106.74
326,,Qadree Ollison,ATL,RB94,RB,10.0,198.0,377.0,324.2,26.7,,3.8375,3.8685314674028066,16.94,-120.00999999999999
327,,Jordan Akins,HOU,TE38,TE,8.0,232.0,347.0,297.5,29.5,,5.612500000000002,5.145855937872079,68.57,-74.03000000000003
328,,Jarrett Stidham,NE,QB36,QB,6.0,168.0,385.0,321.9,36.5,,,,29.350000000000005,-301.66
329,,Bo Scarbrough,DET,RB95,RB,5.0,232.0,387.0,325.8,26.7,,7.033333333333334,2.9588285970408403,19.94,-117.00999999999999
330,,Wayne Gallman,NYG,RB96,RB,11.0,232.0,385.0,321.9,27.7,,4.720000000000001,8.704890068869977,13.61,-123.33999999999999
331,,Jordan Wilkins,IND,RB97,RB,7.0,193.0,384.0,314.2,32.2,,3.8571428571428577,4.492337799086228,22.290000000000003,-114.65999999999998
332,,C.J. Uzomah,CIN,TE39,TE,9.0,191.0,374.0,289.4,42.4,,3.9499999999999993,5.047771785649585,92.94,-49.660000000000025
333,,Keke Coutee,HOU,WR107,WR,8.0,154.0,418.0,312.4,37.0,,5.7555555555555555,4.144306670334348,18.53,-137.27
334,,Jacob Hollister,SEA,TE40,TE,6.0,211.0,394.0,302.8,44.8,,8.536363636363637,6.441005003456017,43.44,-99.16000000000003
335,,Greg Ward,PHI,WR108,WR,9.0,148.0,425.0,304.0,44.1,,8.557142857142859,6.453644227064568,49.86,-105.94000000000001
336,,Stephen Gostkowski,FA,K28,K,,192.0,339.0,252.1,44.5,,,,,
337,,Arizona (ARI),ARI,DST28,DST,8.0,185.0,346.0,313.1,21.7,,,,,
338,,Las Vegas (LV),LV,DST29,DST,6.0,211.0,364.0,319.4,21.4,,,,,
339,,Randy Bullock,CIN,K29,K,9.0,245.0,347.0,316.3,18.1,,,,,
340,,Travis Homer,SEA,RB98,RB,6.0,246.0,389.0,326.3,24.6,,,,18.39,-118.55999999999999
341,,Derrius Guice,FA,RB99,RB,,76.0,365.0,202.7,105.9,,,,,
342,,Myles Gaskin,MIA,RB100,RB,11.0,238.0,402.0,327.3,26.9,,,,31.56,-105.38999999999999
343,,Ted Ginn,CHI,WR109,WR,11.0,204.0,420.0,316.3,38.7,,5.36875,4.799405345109607,62.48,-93.32000000000002
344,,Cole Kmet,CHI,TE41,TE,11.0,180.0,380.0,319.9,36.3,,,,63.980000000000004,-78.62000000000002
345,,Eno Benjamin,ARI,RB101,RB,8.0,190.0,387.0,317.8,39.8,,,,23.05,-113.89999999999999
346,,Jason Witten,LV,TE42,TE,6.0,141.0,376.0,319.1,38.0,,8.55625,4.124555531609841,45.38,-97.22000000000003
347,,Devin Asiasi,NE,TE43,TE,6.0,180.0,391.0,314.7,50.0,,,,67.27000000000001,-75.33000000000001
348,,Antonio Brown,FA,WR110,WR,,62.0,424.0,276.7,64.8,,,,,
349,,Jameis Winston,NO,QB37,QB,6.0,177.0,390.0,333.9,35.3,,23.715625000000003,12.071657145976271,20.205,-310.80500000000006
350,,Taysom Hill,NO,QB38,QB,6.0,92.0,385.0,313.9,56.0,,6.421875,5.5811877096188045,27.66,-303.35
351,,Marcus Mariota,LV,QB39,QB,6.0,173.0,390.0,335.7,38.2,,15.578571428571427,13.66634726688326,38.595,-292.4150000000001
352,,Ryan Griffin,NYJ,TE44,TE,11.0,176.0,389.0,326.5,35.0,,7.384615384615385,7.8345225502096545,53.720000000000006,-88.88000000000002
353,,Jeff Wilson,SF,RB102,RB,11.0,156.0,368.0,326.6,32.6,,4.690000000000001,5.905449460738221,26.310000000000002,-110.63999999999999
354,,Nick Boyle,BAL,TE45,TE,8.0,209.0,404.0,314.0,37.1,,4.69375,4.228548805441413,78.53,-64.07000000000002
355,,Kalen Ballage,MIA,RB103,RB,11.0,122.0,391.0,326.1,40.1,,4.316666666666667,3.6749355797281007,22.97,-113.97999999999999
356,,Keelan Cole,JAX,WR111,WR,7.0,242.0,427.0,325.0,35.5,,4.91875,5.099963235161603,52.57,-103.23000000000002
357,,Tajae Sharpe,MIN,WR112,WR,7.0,244.0,442.0,312.4,43.9,,5.459999999999999,6.264845226682437,45.0,-110.80000000000001
358,,Josh Oliver,JAX,TE46,TE,7.0,237.0,384.0,334.1,27.2,,,,39.34,-103.26000000000002
359,,Olabisi Johnson,MIN,WR113,WR,7.0,208.0,377.0,296.8,36.2,,4.937500000000001,4.03796565942142,65.58,-90.22000000000001
360,,Jakeem Grant,MIA,WR114,WR,11.0,222.0,388.0,295.9,39.0,,3.8900000000000006,4.406674230956694,83.14,-72.66000000000001
361,,Miami (MIA),MIA,DST30,DST,11.0,207.0,362.0,311.6,25.3,,,,,
362,,Dante Pettis,SF,WR115,WR,11.0,106.0,430.0,331.1,40.9,,,,42.45,-113.35000000000001
363,,Tyler Johnson,TB,WR116,WR,13.0,269.0,379.0,325.0,27.2,,,,44.940000000000005,-110.86000000000001
364,,Justin Watson,TB,WR117,WR,13.0,285.0,438.0,337.5,29.2,,2.6812500000000004,5.451265143676894,17.74,-138.06
365,,Kyle Juszczyk,SF,RB104,RB,11.0,235.0,393.0,328.7,36.6,,,,54.790000000000006,-82.15999999999998
366,,Mike Davis,CAR,RB105,RB,13.0,192.0,423.0,339.6,41.9,,,,18.57,-118.38
367,,New York (NYG),NYG,DST31,DST,11.0,191.0,371.0,329.3,22.7,,,,,
368,,Dan Arnold,ARI,TE47,TE,8.0,187.0,407.0,317.2,51.2,,,,62.160000000000004,-80.44000000000003
369,,Ty Montgomery,NO,RB106,RB,6.0,235.0,392.0,330.3,30.5,,,,25.08,-111.86999999999999
370,,Ty Johnson,DET,RB107,RB,5.0,245.0,403.0,339.5,33.6,,,,5.260000000000001,-131.69
371,,Kai Forbath,FA,K30,K,,256.0,374.0,312.1,22.4,,,,,
372,,Trent Taylor,SF,WR118,WR,11.0,203.0,432.0,313.7,51.1,,,,43.62,-112.18
373,,Adam Vinatieri,FA,K31,K,,163.0,377.0,312.7,28.7,,,,,
374,,Andy Dalton,DAL,QB40,QB,10.0,182.0,397.0,346.6,35.3,,19.12307692307692,10.2479594591764,13.495000000000001,-317.51500000000004
375,,Trayveon Williams,CIN,RB108,RB,9.0,220.0,387.0,343.6,32.3,,,,16.68,-120.26999999999998
376,,Corey Clement,PHI,RB109,RB,9.0,245.0,386.0,330.0,35.3,,,,31.18,-105.76999999999998
377,,Jeremy Sprinkle,WAS,TE48,TE,8.0,257.0,414.0,333.1,33.6,,3.5062499999999996,2.114542897807152,55.620000000000005,-86.98000000000002
378,,Dontrell Hilliard,CLE,RB110,RB,9.0,255.0,382.0,341.3,31.5,,2.7214285714285715,4.254260953883326,18.61,-118.33999999999999
379,,Cincinnati (CIN),CIN,DST32,DST,9.0,219.0,366.0,329.9,26.4,,,,,
380,,J.D. McKissic,WAS,RB111,RB,8.0,195.0,378.0,305.9,52.3,,,,39.35,-97.6
381,,Jacoby Brissett,IND,QB41,QB,7.0,187.0,399.0,341.9,34.9,,18.006666666666668,9.91099437613651,16.110000000000003,-314.90000000000003
382,,Eddy Pineiro,CHI,K32,K,11.0,252.0,371.0,313.5,31.2,,,,,
383,,KeeSean Johnson,ARI,WR119,WR,8.0,241.0,439.0,346.4,31.7,,,,25.220000000000002,-130.58
384,,Greg Joseph,TEN,K33,K,7.0,228.0,376.0,305.0,34.0,,,,,
385,,Isaiah Ford,MIA,WR120,WR,11.0,211.0,384.0,287.4,49.5,,6.0625,6.468812542830849,56.1,-99.70000000000002
386,,Zay Jones,LV,WR121,WR,6.0,193.0,378.0,334.1,28.3,,,,9.78,-146.02
387,,Jalen Hurts,PHI,QB42,QB,9.0,204.0,387.0,341.9,44.4,,,,44.71,-286.30000000000007
388,,Jason Sanders,MIA,K34,K,11.0,228.0,353.0,314.3,24.2,,,,,
389,,Devontae Booker,LV,RB112,RB,6.0,195.0,365.0,331.8,34.1,,,,22.64,-114.30999999999999
390,,Delanie Walker,FA,TE49,TE,,170.0,406.0,329.7,38.9,,,,,
391,,Adam Trautman,NO,TE50,TE,6.0,240.0,408.0,348.9,36.7,,,,26.22,-116.38000000000002
392,,Dexter Williams,GB,RB113,RB,5.0,256.0,384.0,340.6,34.5,,,,4.380000000000001,-132.57
393,,Scott Miller,TB,WR122,WR,13.0,261.0,395.0,338.6,36.6,,4.0600000000000005,5.089029595337625,55.64,-100.16000000000001
394,,Taylor Gabriel,FA,WR123,WR,,229.0,431.0,306.3,67.1,,,,,
395,,Trey Quinn,WAS,WR124,WR,8.0,183.0,396.0,328.1,53.2,,4.0666666666666655,3.8558888453738898,56.03,-99.77000000000001
396,,Drew Sample,CIN,TE51,TE,9.0,332.0,429.0,358.6,22.3,,,,30.23,-112.37000000000002
397,,Quintez Cephus,DET,WR125,WR,5.0,212.0,373.0,322.4,29.2,,,,23.410000000000004,-132.39000000000001
398,,Jake Kumerow,GB,WR126,WR,5.0,268.0,378.0,343.8,25.5,,2.85,3.8271801227937643,60.300000000000004,-95.5
399,,Rashard Higgins,CLE,WR127,WR,9.0,295.0,382.0,348.3,29.8,,,,35.89,-119.91000000000001
400,,Cordarrelle Patterson,CHI,WR128,WR,11.0,231.0,388.0,344.1,45.9,,,,36.17,-119.63000000000001
401,,Equanimeous St. Brown,GB,WR129,WR,5.0,204.0,394.0,319.5,51.1,,,,52.38,-103.42000000000002
402,,Damiere Byrd,NE,WR130,WR,6.0,298.0,385.0,344.5,31.4,,6.445454545454546,5.776220846948917,28.73,-127.07000000000001
403,,Foster Moreau,LV,TE52,TE,6.0,235.0,409.0,352.8,27.4,,5.261538461538462,4.4184345760194415,30.34,-112.26000000000002
404,,Javon Wims,CHI,WR131,WR,11.0,282.0,379.0,345.2,22.7,,,,34.1,-121.70000000000002
405,,Hakeem Butler,ARI,WR132,WR,8.0,267.0,395.0,345.7,32.7,,,,22.509999999999998,-133.29000000000002
406,,Kaden Smith,NYG,TE53,TE,11.0,223.0,411.0,344.3,36.1,,8.422222222222222,8.11507513486132,30.250000000000004,-112.35000000000002
407,,Sam Sloman,LAR,K35,K,9.0,233.0,372.0,313.6,36.8,,,,,
408,,Devine Ozigbo,JAX,RB114,RB,7.0,186.0,386.0,332.9,56.8,,,,17.78,-119.16999999999999
409,,Donovan Peoples-Jones,CLE,WR133,WR,9.0,262.0,396.0,354.7,34.6,,,,15.13,-140.67000000000002
410,,JaMycal Hasty,SF,RB115,RB,11.0,158.0,380.0,327.2,52.7,,,,10.150000000000002,-126.79999999999998
411,,Chandler Catanzaro,FA,K36,K,,220.0,341.0,314.1,33.3,,,,,
412,,Josh Gordon,FA,WR134,WR,,290.0,440.0,360.1,30.9,,,,,
413,,Dalton Keene,NE,TE54,TE,6.0,287.0,404.0,357.4,29.7,,,,,
414,,Rodney Anderson,FA,RB116,RB,,244.0,366.0,324.9,30.2,,,,,
415,,Bilal Powell,FA,RB117,RB,,248.0,362.0,335.4,20.0,,,,,
416,,Anthony Firkser,TEN,TE55,TE,7.0,273.0,435.0,353.5,29.2,,2.693333333333334,3.638772686863892,61.98,-80.62000000000003
417,,Joe Reed,LAC,WR135,WR,10.0,270.0,386.0,349.9,34.7,,,,49.37,-106.43
418,,Logan Thomas,WAS,TE56,TE,8.0,293.0,434.0,353.6,38.0,,,,49.72,-92.88000000000002
419,,Thaddeus Moss,WAS,TE57,TE,8.0,227.0,428.0,337.6,51.2,,,,0.0,-142.60000000000002
420,,Albert Okwuegbunam,DEN,TE58,TE,8.0,242.0,426.0,358.7,26.9,,,,17.34,-125.26000000000002
421,,Maxx Williams,ARI,TE59,TE,8.0,282.0,441.0,362.1,41.5,,,,47.269999999999996,-95.33000000000003
422,,Jordan Reed,SF,TE60,TE,11.0,282.0,392.0,340.0,26.9,,,,56.36000000000001,-86.24000000000001
423,,Kalif Raymond,TEN,WR136,WR,7.0,298.0,361.0,331.5,22.4,,,,39.650000000000006,-116.15
424,,Paul Richardson Jr.,FA,WR137,WR,,309.0,364.0,352.8,9.8,,,,,
425,,Ryan Nall,CHI,RB118,RB,11.0,310.0,392.0,354.9,22.0,,,,33.510000000000005,-103.43999999999998
426,,Kyle Allen,WAS,QB43,QB,8.0,170.0,391.0,350.0,29.8,,17.053846153846155,10.83586755368603,28.655,-302.355
427,,Demaryius Thomas,FA,WR138,WR,,303.0,370.0,340.7,24.1,,,,,
428,,Robert Foster,BUF,WR139,WR,11.0,209.0,390.0,328.8,69.5,,,,14.78,-141.02
429,,Kerrith Whyte Jr.,PIT,RB119,RB,8.0,294.0,366.0,351.1,12.8,,,,21.4,-115.54999999999998
430,,Ricky Seals-Jones,KC,TE61,TE,10.0,316.0,433.0,367.1,29.9,,,,25.810000000000002,-116.79000000000002
431,,Kahale Warring,HOU,TE62,TE,8.0,173.0,381.0,311.8,81.4,,,,22.490000000000002,-120.11000000000001
432,,Isaiah Coulter,HOU,WR140,WR,8.0,242.0,371.0,312.8,48.4,,,,8.91,-146.89000000000001
433,,Matt Bryant,FA,K37,K,,187.0,252.0,219.5,32.5,,,,,
434,,Raymond Calais,TB,RB120,RB,13.0,298.0,376.0,333.4,27.5,,,,0.0,-136.95
435,,Gary Jennings Jr.,MIA,WR141,WR,11.0,203.0,398.0,338.6,54.5,,,,31.599999999999998,-124.20000000000002
436,,Brycen Hopkins,LAR,TE63,TE,9.0,258.0,371.0,338.6,41.4,,,,19.78,-122.82000000000002
437,,K.J. Hill,LAC,WR142,WR,10.0,286.0,393.0,365.6,19.2,,,,23.14,-132.66000000000003
438,,Laquon Treadwell,ATL,WR143,WR,10.0,293.0,374.0,360.0,11.1,,,,32.31,-123.49000000000001
439,,Ryan Succop,FA,K38,K,,194.0,297.0,245.5,51.5,,,,,
440,,Ameer Abdullah,MIN,RB121,RB,7.0,309.0,382.0,353.7,21.1,,,,19.31,-117.63999999999999
441,,Hunter Bryant,DET,TE64,TE,5.0,293.0,375.0,348.6,29.5,,,,0.0,-142.60000000000002
442,,Sam Ficken,NYJ,K39,K,11.0,309.0,381.0,334.5,27.6,,,,,
443,,Mo Alie-Cox,IND,TE65,TE,7.0,346.0,437.0,374.9,25.9,,,,34.38,-108.22000000000003
444,,Jesse James,DET,TE66,TE,5.0,342.0,368.0,359.7,8.0,,,,53.27,-89.33000000000001
445,,Jordan Scarlett,CAR,RB122,RB,13.0,311.0,380.0,360.5,18.4,,,,9.23,-127.71999999999998
446,,Tim Patrick,DEN,WR144,WR,8.0,333.0,383.0,354.0,16.9,,,,29.14,-126.66000000000001
447,,Jordan Love,GB,QB44,QB,5.0,209.0,397.0,342.0,77.1,,,,14.415000000000003,-316.595
448,,CJ Ham,MIN,RB123,RB,7.0,199.0,392.0,321.3,86.8,,,,29.470000000000002,-107.47999999999999
449,,Case Keenum,CLE,QB45,QB,9.0,309.0,388.0,343.8,35.4,,13.455000000000002,12.190739882750714,15.145000000000001,-315.86500000000007
450,,Jaeden Graham,ATL,TE67,TE,10.0,260.0,436.0,379.4,24.4,,,,44.61000000000001,-97.99000000000001
451,,Nick Vannett,DEN,TE68,TE,8.0,266.0,385.0,346.5,47.7,109.0,,,30.0,-112.60000000000002
452,,Dwayne Washington,NO,RB124,RB,6.0,321.0,393.0,359.8,23.8,,,,3.9600000000000004,-132.98999999999998
453,,Braxton Berrios,NYJ,WR145,WR,11.0,285.0,384.0,328.7,41.2,,,,26.02,-129.78
454,,Dalton Schultz,DAL,TE69,TE,10.0,260.0,381.0,330.7,51.4,,,,31.419999999999998,-111.18000000000002
455,,C.J. Anderson,FA,RB125,RB,,340.0,361.0,350.3,7.7,,,,,
456,,Riley Ridley,CHI,WR146,WR,11.0,333.0,383.0,361.6,18.1,,,,32.14,-123.66000000000001
457,,Salvon Ahmed,SF,RB126,RB,11.0,227.0,364.0,295.5,68.5,,,,0.0,-136.95
458,,Josh Hill,NO,TE70,TE,6.0,342.0,394.0,364.0,18.2,,4.1,3.8899871465083273,40.53,-102.07000000000002
459,,Dalyn Dawkins,TEN,RB127,RB,7.0,360.0,373.0,364.4,4.8,,,,21.27,-115.67999999999999
460,,John Kelly,LAR,RB128,RB,9.0,329.0,386.0,365.6,20.9,,,,6.680000000000001,-130.26999999999998
461,,Cody Latimer,WAS,WR147,WR,8.0,271.0,356.0,313.5,42.5,,4.4,4.594406537146167,25.58,-130.22000000000003
462,,Devin Smith,DAL,WR148,WR,10.0,320.0,378.0,361.8,24.2,,,,23.61,-132.19
463,,Taywan Taylor,CLE,WR149,WR,9.0,267.0,369.0,318.0,51.0,,,,24.26,-131.54000000000002
464,,Buddy Howell,HOU,RB129,RB,8.0,355.0,383.0,372.8,10.7,,,,12.32,-124.63
465,,Mack Hollins,MIA,WR150,WR,11.0,301.0,349.0,325.0,24.0,,,,15.330000000000002,-140.47
466,,Corey Coleman,NYG,WR151,WR,11.0,309.0,379.0,355.3,32.8,,,,16.97,-138.83
467,,Adam Shaheen,MIA,TE71,TE,11.0,325.0,338.0,331.5,6.5,,,,35.519999999999996,-107.08000000000003
468,,Marvin Hall,DET,WR152,WR,5.0,328.0,343.0,335.5,7.5,,4.4222222222222225,3.926441702667244,40.33,-115.47000000000001
469,,Ross Dwelley,SF,TE72,TE,11.0,344.0,377.0,359.3,13.6,,,,10.38,-132.22000000000003
470,,James Robinson,JAX,RB130,RB,7.0,319.0,421.0,365.3,42.2,,,,11.34,-125.60999999999999
471,,Seth Roberts,CAR,WR153,WR,13.0,361.0,390.0,379.2,8.6,,3.7562499999999996,4.303482117231735,23.18,-132.62
472,,James O'Shaughnessy,JAX,TE73,TE,7.0,353.0,371.0,361.3,7.4,,8.26,1.2361229712289956,42.22,-100.38000000000002
473,,Alex Erickson,CIN,WR154,WR,9.0,328.0,387.0,361.7,24.8,,5.906249999999999,6.360237810019371,31.08,-124.72000000000001
474,,Joe Flacco,NYJ,QB46,QB,11.0,311.0,372.0,341.5,30.5,,13.1375,8.607046531766862,7.734999999999999,-323.27500000000003
475,,Karan Higdon,HOU,RB131,RB,8.0,359.0,367.0,363.3,3.3,,,,23.290000000000003,-113.65999999999998
476,,Damion Ratley,CLE,WR155,WR,9.0,364.0,401.0,381.6,10.2,,,,22.33,-133.47000000000003
477,,Wendell Smallwood,PIT,RB132,RB,8.0,295.0,394.0,344.5,49.5,,,,11.790000000000003,-125.15999999999998
478,,Josh Rosen,MIA,QB47,QB,11.0,319.0,370.0,344.5,25.5,,,,6.15,-324.86000000000007
479,,John Hightower,PHI,WR156,WR,9.0,328.0,367.0,347.5,19.5,,,,13.19,-142.61
480,,Khari Blasingame,TEN,RB133,RB,7.0,337.0,402.0,367.3,26.7,,,,13.51,-123.43999999999998
481,,Isaiah McKenzie,BUF,WR157,WR,11.0,339.0,358.0,348.5,9.5,,4.220000000000001,3.2481203355611252,25.73,-130.07000000000002
482,,Elijah McGuire,KC,RB134,RB,10.0,315.0,384.0,349.5,34.5,,,,1.97,-134.98
483,,Byron Pringle,KC,WR158,WR,10.0,349.0,386.0,372.0,16.4,,,,15.36,-140.44
484,,Josh Adams,NYJ,RB135,RB,11.0,321.0,393.0,357.0,36.0,,,,5.55,-131.39999999999998
485,,John Ursua,SEA,WR159,WR,6.0,361.0,385.0,374.7,10.1,,,,9.879999999999999,-145.92000000000002
486,,Taquan Mizzell,FA,RB136,RB,,311.0,410.0,360.5,49.5,,,,,
487,,Gabriel Davis,BUF,WR160,WR,11.0,337.0,400.0,387.8,12.0,,,,23.550000000000004,-132.25
488,,Demetrius Harris,CHI,TE74,TE,11.0,348.0,374.0,361.0,13.0,,3.1933333333333334,3.43728852163335,27.220000000000002,-115.38000000000002
489,,Andy Janovich,CLE,RB137,RB,9.0,329.0,395.0,362.0,33.0,,,,27.099999999999998,-109.85
490,,Alec Ingold,LV,RB138,RB,6.0,331.0,397.0,364.0,33.0,,,,15.930000000000003,-121.01999999999998
491,,Alex Smith,WAS,QB48,QB,8.0,358.0,376.0,367.0,9.0,,,,35.05,-295.96000000000004
492,,Quez Watkins,PHI,WR161,WR,9.0,330.0,405.0,367.5,37.5,,,,9.170000000000002,-146.63
493,,Dontrelle Inman,WAS,WR162,WR,8.0,352.0,383.0,367.5,15.5,,,,32.75,-123.05000000000001
494,,J.J. Taylor,NE,RB139,RB,6.0,368.0,388.0,380.7,9.0,,,,5.5600000000000005,-131.39
495,,Christian Blake,ATL,WR163,WR,10.0,369.0,389.0,381.3,8.8,,,,28.04,-127.76000000000002
496,,James Proche,BAL,WR164,WR,8.0,355.0,384.0,369.5,14.5,,,,18.36,-137.44
497,,Robert Griffin,BAL,QB49,QB,8.0,369.0,397.0,382.3,11.5,,,,10.820000000000002,-320.19000000000005
498,,Andre Patton,ARI,WR165,WR,8.0,369.0,372.0,370.5,1.5,,,,16.85,-138.95000000000002
499,,Dezmon Patmon,IND,WR166,WR,7.0,371.0,406.0,384.3,15.5,,,,17.94,-137.86
500,,Josiah Deguara,GB,TE75,TE,5.0,360.0,387.0,373.5,13.5,,,,30.400000000000002,-112.20000000000002
501,,Ryan Switzer,PIT,WR167,WR,8.0,374.0,374.0,374.0,0.0,,,,20.160000000000004,-135.64000000000001
502,,Richard Rodgers,WAS,TE76,TE,8.0,370.0,379.0,374.5,4.5,,,,13.54,-129.06000000000003
503,,Jason Huntley,DET,RB140,RB,5.0,348.0,422.0,385.0,37.0,,,,17.08,-119.86999999999999
504,,Elijhaa Penny,NYG,RB141,RB,11.0,362.0,399.0,380.5,18.5,,,,13.32,-123.63
505,,David Fluellen,FA,RB142,RB,,358.0,412.0,385.0,27.0,,,,,
506,,K.J. Osborn,MIN,WR168,WR,7.0,383.0,383.0,383.0,0.0,,,,11.22,-144.58
507,,Taiwan Jones,BUF,RB143,RB,11.0,359.0,415.0,387.0,28.0,,,,7.109999999999999,-129.83999999999997
508,,D'Ernest Johnson,CLE,RB144,RB,9.0,379.0,416.0,397.5,18.5,,,,13.950000000000001,-122.99999999999999
509,,Trenton Cannon,CAR,RB145,RB,13.0,383.0,413.0,398.0,15.0,,,,1.8800000000000001,-135.07
510,,Patrick DiMarco,BUF,RB146,RB,11.0,393.0,405.0,399.0,6.0,,,,9.37,-127.57999999999998
