rank,pos_tiers,player_name,tm,pos_rank,pos,bye,best,worst,avg,std dev,adp,adp_vor_delta,py_avg_ppg,py_std_dev,custom_points,vor
1,1.0,Justin Jefferson,MIN,WR1,WR,13,1,5,1.22,0.67,1.0,-2.0,21.568235294117653,11.9590155506704,316.46,0.9274447487335644
2,1.0,Ja'Marr Chase,CIN,WR2,WR,7,1,7,2.38,1.12,3.0,-2.0,20.03333333333333,8.624946200974067,308.0,0.9119508296999748
3,1.0,Christian McCaffrey,SF,RB1,RB,9,1,15,3.50,2.01,2.0,1.0,21.021176470588234,8.666061592754334,308.26,1.0
4,1.0,Cooper Kupp,LAR,WR3,WR,10,1,16,5.27,2.81,7.0,-1.0,22.155555555555555,8.983472478823419,301.99,0.9009439203155925
5,1.0,Tyreek Hill,MIA,WR4,WR,10,2,13,5.30,1.69,4.0,-5.0,20.011764705882353,9.839898522910511,301.82000000000005,0.9006325767889128
6,1.0,Travis Kelce,KC,TE1,TE,10,4,30,6.55,2.45,6.0,-5.0,18.429411764705883,8.036694337994504,287.98,0.8966522634674391
7,1.0,Austin Ekeler,LAC,RB2,RB,5,3,15,7.40,2.25,5.0,3.0,21.629411764705882,8.961986715140396,302.91,0.9902018360721389
8,1.0,Stefon Diggs,BUF,WR5,WR,13,4,20,8.87,2.54,8.0,-10.0,19.725,10.065088176464227,274.95,0.8514219852484216
9,1.0,CeeDee Lamb,DAL,WR6,WR,7,4,24,10.52,2.74,11.0,-5.0,17.741176470588236,8.663000261422814,281.72,0.8638207833403132
10,1.0,Amon-Ra St. Brown,DET,WR7,WR,9,2,24,11.67,3.28,14.0,-9.0,16.724999999999998,10.081170566953029,260.19,0.8243900414025843
11,1.0,Saquon Barkley,NYG,RB3,RB,13,4,25,11.89,3.38,9.0,5.0,17.5625,7.131888482956904,261.4800000000001,0.9143255871877867
12,1.0,A.J. Brown,PHI,WR8,WR,10,5,32,12.70,3.37,13.0,-20.0,17.505882352941175,9.433349788664371,246.89000000000001,0.8000319890211727
13,1.0,Davante Adams,LV,WR9,WR,13,5,32,12.91,4.02,16.0,-4.0,19.676470588235297,12.013717649616455,271.11,0.8443892844104802
14,2.0,Garrett Wilson,NYJ,WR10,WR,7,8,35,14.63,3.80,17.0,-17.0,12.570588235294121,8.592275943098716,240.17,0.7877247625547752
15,1.0,Tony Pollard,DAL,RB4,RB,7,3,59,17.34,7.62,15.0,9.0,15.549999999999999,10.43922091601348,256.71,0.9055896541156562
16,2.0,Bijan Robinson,ATL,RB5,RB,11,2,95,14.90,8.77,10.0,3.0,,,256.43000000000006,0.9050768530128898
17,1.0,Nick Chubb,CLE,RB6,RB,5,3,31,17.91,5.52,12.0,-1.0,16.376470588235293,7.107700877548652,248.68,0.8908832510613152
18,2.0,Jaylen Waddle,MIA,WR11,WR,10,11,40,19.41,5.42,19.0,-17.0,15.188235294117646,9.929997630471846,238.25000000000006,0.7842084121358045
19,2.0,Chris Olave,NO,WR12,WR,11,12,48,20.89,5.48,21.0,-18.0,12.946666666666665,5.110055446535456,231.36,0.7715898421427273
20,1.0,Derrick Henry,TEN,RB7,RB,7,7,38,21.63,4.68,18.0,8.0,18.672500000000003,8.68475100391485,253.19000000000003,0.8991430116808766
21,2.0,DeVonta Smith,PHI,WR13,WR,10,15,47,24.51,7.21,22.0,-25.0,14.917647058823531,8.529378296080381,225.71,0.7612422484619019
22,2.0,Josh Jacobs,LV,RB8,RB,13,9,86,26.67,11.34,24.0,12.0,19.135294117647057,12.086094343111354,249.81,0.8929527697974802
23,2.0,Keenan Allen,LAC,WR14,WR,5,14,53,26.70,8.43,30.0,-18.0,16.3,7.562480486659858,224.98,0.759905302729689
24,1.0,Patrick Mahomes II,KC,QB1,QB,10,21,46,27.36,4.87,20.0,1.0,29.435294117647057,7.740169666783038,461.45200000000006,0.8451181945494127
25,2.0,Tee Higgins,CIN,WR15,WR,7,13,47,27.73,6.91,27.0,-17.0,13.681250000000002,8.81885999813279,228.81,0.7669196892425317
26,2.0,Jonathan Taylor,IND,RB9,RB,11,10,80,28.04,11.63,25.0,8.0,13.036363636363637,8.46466452108679,233.59000000000003,0.8632469344872172
27,1.0,Jalen Hurts,PHI,QB2,QB,10,22,59,28.30,6.08,28.0,-9.0,27.66933333333333,8.590213257511353,426.31399999999996,0.7807653190172288
28,1.0,Josh Allen,BUF,QB3,QB,13,23,68,28.84,6.24,26.0,1.0,28.907500000000002,8.184127320612749,448.75000000000006,0.8218553388089096
29,2.0,DK Metcalf,SEA,WR16,WR,5,14,47,31.02,7.09,33.0,-12.0,13.223529411764707,7.11235978875548,227.24,0.7640443402020193
30,2.0,Rhamondre Stevenson,NE,RB10,RB,11,15,81,31.21,10.19,23.0,2.0,14.41764705882353,7.829610087204028,221.32,0.8407752575909825
31,1.0,Mark Andrews,BAL,TE2,TE,13,6,62,32.26,9.26,29.0,-28.0,12.499999999999998,9.107532204562489,201.41000000000003,0.7381051510870773
32,2.0,Joe Mixon,CIN,RB11,RB,7,15,86,33.41,13.62,34.0,20.0,17.107142857142858,11.696578348172814,240.41,0.8757373042046028
33,3.0,Calvin Ridley,JAX,WR17,WR,9,11,90,33.63,11.96,31.0,-19.0,,,222.87,0.7560409801338411
34,3.0,Amari Cooper,CLE,WR18,WR,5,20,60,36.07,6.22,36.0,-17.0,14.529411764705882,8.783917456485629,217.21,0.745675072127917
35,2.0,Najee Harris,PIT,RB12,RB,6,16,96,36.71,12.90,32.0,10.0,12.968235294117648,4.93136927649679,217.35,0.8335044705267567
36,2.0,Aaron Jones,GB,RB13,RB,6,25,88,42.04,11.71,41.0,26.0,14.211764705882354,8.153287860806612,234.34,0.8646205088696277
37,2.0,Jahmyr Gibbs,DET,RB14,RB,9,17,109,39.46,14.54,38.0,10.0,,,209.19,0.8185599812461312
38,3.0,Deebo Samuel,SF,WR19,WR,9,13,66,42.45,9.62,39.0,-13.0,12.723076923076926,5.563445252442328,220.06,0.7508946547810766
39,2.0,Lamar Jackson,BAL,QB4,QB,13,24,95,42.52,11.52,40.0,-14.0,22.506666666666664,13.674406972904018,405.66,0.7429389119581554
40,2.0,Travis Etienne Jr.,JAX,RB15,RB,9,17,85,42.60,12.15,35.0,11.0,11.652941176470588,7.647966857853368,212.1,0.8238894498498837
41,3.0,Chris Godwin,TB,WR20,WR,5,19,75,44.00,11.07,53.0,-5.0,14.58666666666667,5.6953447991278265,212.11,0.7363347663275261
42,3.0,DeAndre Hopkins,TEN,WR21,WR,7,19,69,44.88,9.33,42.0,-18.0,16.633333333333333,8.649855490122363,209.34,0.7312616982751569
43,3.0,DJ Moore,CHI,WR22,WR,13,27,73,45.15,8.82,47.0,-18.0,11.711764705882354,8.453910511779533,204.45,0.7223059933018409
44,3.0,Drake London,ATL,WR23,WR,11,27,87,45.64,9.50,46.0,-25.0,10.211764705882352,5.790928504236301,200.81,0.7156395789658756
45,2.0,Joe Burrow,CIN,QB5,QB,7,29,84,47.84,8.90,44.0,-5.0,26.293750000000003,9.156560398606747,413.71400000000006,0.7576892693927337
46,3.0,Terry McLaurin,WAS,WR24,WR,14,27,79,47.95,10.10,50.0,-13.0,13.411764705882353,5.504416675831915,205.20000000000002,0.7236795676842512
47,3.0,Christian Watson,GB,WR25,WR,6,30,76,51.19,10.53,51.0,-3.5,11.721428571428572,9.860034215218258,215.70000000000005,0.7429096090379974
48,3.0,Diontae Johnson,PIT,WR26,WR,6,22,81,51.45,12.15,55.0,-18.0,10.33529411764706,4.002490033789995,199.74000000000004,0.7136799461803035
49,2.0,Justin Fields,CHI,QB6,QB,13,24,101,51.80,12.83,49.0,-33.0,21.532,11.759360526831381,371.93999999999994,0.6811830077249822
50,1.0,T.J. Hockenson,MIN,TE3,TE,13,26,82,52.66,12.84,45.0,-14.0,12.376470588235296,10.014335313175105,197.94,0.7317500802777916
51,3.0,Tyler Lockett,SEA,WR27,WR,5,29,104,52.69,12.54,58.0,-14.0,14.706250000000002,6.9443952220477785,200.48,0.7150352062376149
52,3.0,Brandon Aiyuk,SF,WR28,WR,9,33,86,53.38,10.25,60.0,-19.0,13.341176470588234,6.527160449185524,189.09,0.6941751899500751
53,2.0,Justin Herbert,LAC,QB7,QB,5,29,101,53.52,9.56,52.0,-23.5,19.485882352941175,7.598199670665028,383.75600000000003,0.7028232142617313
54,2.0,Breece Hall,NYJ,RB16,RB,7,18,92,53.58,16.59,37.0,5.0,16.3,6.030478145774735,199.39000000000001,0.8006119426493016
55,4.0,Jerry Jeudy,DEN,WR29,WR,9,32,123,55.63,19.42,43.0,-33.0,13.613333333333337,8.79706661065954,193.10000000000002,0.7015192343146963
56,3.0,Mike Williams,LAC,WR30,WR,5,34,86,55.88,11.42,66.0,0.0,13.576923076923075,8.40080887436381,204.42,0.7222510503265445
57,3.0,Christian Kirk,JAX,WR31,WR,9,33,80,58.00,10.81,64.0,-3.0,14.170588235294117,8.242706223222623,203.76000000000002,0.7210423048700233
58,4.0,Marquise Brown,ARI,WR32,WR,14,37,117,60.34,13.13,74.0,0.0,12.916666666666666,7.40661047901662,199.06,0.7124345720735845
59,2.0,Kenneth Walker III,SEA,RB17,RB,5,21,92,61.10,15.66,48.0,17.0,13.5,7.755182598937122,199.7,0.8011796867273644
60,3.0,Michael Pittman Jr.,IND,WR33,WR,11,29,95,61.86,11.87,67.0,-13.0,13.406249999999998,6.893907334257788,187.78000000000003,0.6917760133621317
61,3.0,Miles Sanders,CAR,RB18,RB,7,31,100,62.77,15.84,54.0,19.0,12.629411764705884,9.412542477054378,190.61,0.78453196521255
62,3.0,Mike Evans,TB,WR34,WR,5,34,91,62.98,10.43,69.0,7.0,15.026666666666669,11.348786383616199,206.18000000000004,0.7254743715439342
63,2.0,Darren Waller,NYG,TE4,TE,13,30,111,63.53,15.90,63.0,-15.0,9.422222222222222,5.776845544451093,179.57999999999998,0.6981249793963842
64,3.0,Dameon Pierce,HOU,RB19,RB,7,27,100,64.52,16.73,62.0,32.0,12.492307692307692,6.355766612358358,201.66,0.8047692944467304
65,3.0,Alexander Mattison,MIN,RB20,RB,13,25,128,65.86,20.07,59.0,32.0,5.2,5.204565303654092,209.45000000000002,0.8190361536987002
66,2.0,Trevor Lawrence,JAX,QB8,QB,9,50,105,67.92,12.15,61.0,-37.0,19.74235294117647,9.702324160614666,359.534,0.6584622560074038
67,3.0,J.K. Dobbins,BAL,RB21,RB,13,31,113,69.62,17.84,57.0,15.0,10.15,7.235428706816796,181.52,0.7678842436977356
68,4.0,Jahan Dotson,WAS,WR35,WR,14,42,121,69.64,12.57,76.0,-8.0,10.716666666666667,7.503675866876947,181.34000000000003,0.6799815879985007
69,3.0,James Conner,ARI,RB22,RB,14,47,99,69.69,13.76,68.0,42.0,15.169230769230769,6.321970238170036,209.75,0.8195855834516642
70,3.0,Rachaad White,TB,RB23,RB,5,41,99,70.83,14.49,70.0,41.0,8.005882352941176,5.687867635177011,203.16000000000003,0.8075164432115512
71,2.0,George Kittle,SF,TE5,TE,9,30,133,70.96,13.47,56.0,-27.0,13.300000000000002,8.917398723843181,170.12,0.680799627852914
72,3.0,Cam Akers,LAR,RB24,RB,10,35,124,71.59,15.29,65.0,24.0,9.286666666666667,9.1882585530717,182.23000000000002,0.7691845607797507
73,4.0,George Pickens,PIT,WR36,WR,6,40,120,73.41,12.36,73.0,-14.0,9.676470588235293,6.393994194922755,174.69000000000003,0.6678025618077948
74,2.0,Dallas Goedert,PHI,TE6,TE,10,51,106,75.34,10.60,72.0,-19.0,11.683333333333335,5.097919956098553,162.12,0.6661481677738694
75,2.0,Kyle Pitts,ATL,TE7,TE,11,31,133,75.81,14.66,77.0,-11.0,7.56,5.294273636046151,162.39000000000001,0.6666426545515372
76,3.0,James Cook,BUF,RB25,RB,13,31,121,77.40,15.57,81.0,43.0,6.54375,5.662151387355634,185.66,0.7754663742886412
77,3.0,Alvin Kamara,NO,RB26,RB,11,33,118,77.55,15.75,71.0,25.0,13.846666666666666,9.652746956671134,178.84,0.7629760045712556
78,4.0,Jordan Addison,MIN,WR37,WR,13,43,123,75.54,14.86,83.0,-9.5,,,173.55,0.665714728746531
79,3.0,Javonte Williams,DEN,RB27,RB,9,31,118,78.34,17.18,75.0,24.0,,,172.72,0.7517676376107865
80,4.0,Brandin Cooks,DAL,WR38,WR,7,54,122,79.80,12.10,87.0,-2.0,11.200000000000001,4.938285802448727,174.01,0.6665571877010761
81,3.0,David Montgomery,DET,RB28,RB,9,42,100,81.56,11.03,80.0,40.0,10.981250000000001,6.774188143239011,182.81,0.7702467916354815
82,4.0,Courtland Sutton,DEN,WR39,WR,9,48,131,82.14,15.63,88.0,-14.0,10.626666666666669,5.706445812370764,166.34000000000003,0.6525101003502921
83,4.0,Gabe Davis,BUF,WR40,WR,13,56,134,82.22,17.13,91.0,-3.0,11.373333333333333,7.802423310985475,172.84,0.6644144116645158
84,4.0,Jaxon Smith-Njigba,SEA,WR41,WR,5,44,156,83.14,18.28,85.0,-22.0,,,161.26000000000002,0.6432064232000988
85,3.0,D'Andre Swift,PHI,RB29,RB,10,37,128,86.80,16.07,79.0,23.0,13.435714285714285,7.409308816809916,166.96999999999997,0.7412369006789731
86,4.0,Treylon Burks,TEN,WR42,WR,7,60,134,88.28,17.62,92.0,-9.0,8.009090909090908,4.798219366693138,167.26,0.6541950182593821
87,4.0,Isiah Pacheco,KC,RB30,RB,10,54,129,90.63,12.68,82.0,39.5,7.705882352941178,5.423613946004465,181.08,0.7670784133933881
88,5.0,JuJu Smith-Schuster,NE,WR43,WR,11,61,174,91.30,18.40,95.0,10.0,11.39375,7.327616142602813,176.02,0.6702383670459361
89,5.0,Dalvin Cook,NYJ,RB31,RB,7,37,312,91.90,27.42,,,13.752941176470586,7.470367933296427,156.87,0.7227394323291793
90,5.0,Elijah Moore,CLE,WR44,WR,5,60,195,93.02,17.81,100.0,-58.0,5.4437500000000005,4.513825982467645,128.92000000000002,0.5839778958305608
91,4.0,Michael Thomas,NO,WR45,WR,11,44,140,93.14,17.44,93.0,-4.0,17.033333333333335,6.5248243909957715,171.96,0.6628027510558209
92,6.0,Zay Flowers,BAL,WR46,WR,13,47,343,90.88,30.25,103.0,-7.0,,,159.74,0.6404226457850802
93,4.0,Antonio Gibson,WAS,RB32,RB,14,59,129,94.66,12.03,90.0,29.0,10.993333333333334,5.199377252087389,158.38,0.7255048954190989
94,3.0,Deshaun Watson,CLE,QB9,QB,5,50,162,94.73,16.75,78.0,-15.0,17.263333333333335,7.631570393219646,362.832,0.66450232042499
95,4.0,Dak Prescott,DAL,QB10,QB,7,64,139,99.41,14.23,84.0,-11.0,21.3,8.330020189869671,362.66399999999993,0.6641946397633299
96,3.0,Evan Engram,JAX,TE8,TE,9,53,142,100.29,14.84,89.0,-19.0,10.288235294117648,9.177886627169485,149.36,0.6427790889477932
97,4.0,Jakobi Meyers,LV,WR47,WR,13,56,149,101.49,17.27,115.0,3.0,12.592857142857143,6.59049015169285,159.32,0.6396534441309304
98,4.0,Khalil Herbert,CHI,RB33,RB,13,70,155,101.63,15.59,97.0,27.0,9.061538461538463,8.200766068030726,153.97,0.7174282780505257
99,4.0,Tua Tagovailoa,MIA,QB11,QB,10,55,146,102.09,13.92,86.0,-46.0,21.76307692307692,12.451676851342409,336.746,0.6167275719722453
100,3.0,Pat Freiermuth,PIT,TE9,TE,6,62,138,102.75,15.11,98.0,-13.0,9.262500000000001,5.194724888448537,147.89000000000001,0.6400868831582688
101,3.0,Daniel Jones,NYG,QB12,QB,13,55,159,102.86,15.91,108.0,-12.0,19.625,8.166068005268304,343.95799999999997,0.6299358632335039
102,4.0,AJ Dillon,GB,RB34,RB,6,81,135,103.08,10.52,94.0,26.0,9.8,6.640124245825526,154.33,0.7180875937540827
103,5.0,Rashod Bateman,BAL,WR48,WR,13,49,187,103.88,23.47,106.0,-72.0,,,119.77,0.5672202883651535
104,5.0,Quentin Johnston,LAC,WR49,WR,5,57,205,101.69,22.83,99.0,-40.0,,,141.43,0.6068891165291668
105,7.0,Skyy Moore,KC,WR50,WR,10,67,261,105.10,28.67,112.0,-29.0,,,140.08,0.604416682640828
106,6.0,Brian Robinson Jr.,WAS,RB35,RB,14,80,177,107.65,13.27,96.0,19.0,9.225,5.340773692674465,144.54,0.7001578694823518
107,5.0,Kirk Cousins,MIN,QB13,QB,13,84,140,108.05,10.74,105.0,15.0,20.62235294117647,9.074276506567731,363.82599999999996,0.6663227643398112
108,6.0,Samaje Perine,DEN,RB36,RB,9,83,183,109.37,16.02,102.0,33.0,8.88125,8.349308853631738,154.13,0.7177213072521065
109,5.0,Geno Smith,SEA,QB14,QB,5,84,148,110.52,12.36,113.0,8.0,21.581176470588236,7.156121402646253,354.07800000000003,0.6484699602334955
110,5.0,Kadarius Toney,KC,WR51,WR,10,63,196,113.27,24.64,104.0,-19.0,6.2555555555555555,6.232999099773541,151.62,0.6255514138048499
111,6.0,Anthony Richardson,IND,QB15,QB,11,50,193,114.37,21.80,128.0,-48.5,,,310.162,0.5680407701295799
112,5.0,Nico Collins,HOU,WR52,WR,7,69,186,115.24,20.68,117.0,0.0,9.71,3.336814848524463,155.39000000000001,0.6324559143670998
113,3.0,David Njoku,CLE,TE10,TE,5,73,157,115.54,16.27,110.0,-21.0,10.071428571428571,6.659224784107736,135.34,0.6171024051592675
114,7.0,Zach Charbonnet,SEA,RB37,RB,5,65,227,114.36,20.49,111.0,12.0,,,120.55,0.6562218035703167
115,6.0,Jerick McKinnon,KC,RB38,RB,10,66,199,119.62,20.03,114.0,14.0,11.370588235294118,9.482204695235858,120.45,0.6560386603193287
116,5.0,Allen Lazard,NYJ,WR53,WR,7,73,196,120.45,19.46,119.0,-3.0,11.653333333333332,4.737067608110479,152.88000000000002,0.6278590187672995
117,5.0,Romeo Doubs,GB,WR54,WR,6,65,195,121.27,24.08,131.0,1.0,7.661538461538461,5.992570186146962,147.57,0.6181341121398336
118,6.0,Aaron Rodgers,NYJ,QB16,QB,7,84,197,121.43,16.36,107.0,-21.0,17.129411764705882,4.836347369901477,339.38599999999997,0.6215625537983299
119,6.0,Jamaal Williams,NO,RB39,RB,11,84,181,122.91,16.95,109.0,13.0,12.994117647058822,8.258213380344088,124.72,0.6638588771365187
120,5.0,Zay Jones,JAX,WR55,WR,9,65,209,123.63,22.14,136.0,11.0,12.25625,9.540228421444287,150.65,0.6237749242702658
121,5.0,Tyler Boyd,CIN,WR56,WR,7,73,195,123.86,18.68,140.0,18.0,10.32,7.184130659539352,153.22,0.6284817058206588
122,7.0,Rondale Moore,ARI,WR57,WR,14,74,242,124.83,26.58,123.0,8.0,10.9875,8.138170643859185,156.22,0.6339760033503005
123,5.0,Jared Goff,DET,QB17,QB,9,95,163,126.21,11.70,127.0,-7.0,19.901176470588233,10.628222971381987,335.18600000000004,0.6138705372568316
124,7.0,Odell Beckham Jr.,BAL,WR58,WR,13,67,247,126.68,27.81,124.0,-6.0,,,147.35,0.6177311969876598
125,5.0,Darnell Mooney,CHI,WR59,WR,13,68,194,126.93,22.81,134.0,-2.0,8.458333333333334,5.760754106780455,143.74,0.611119725626991
126,4.0,Dalton Schultz,HOU,TE11,TE,7,74,236,129.75,22.29,121.0,-6.0,9.446666666666667,7.4480933961716165,138.21,0.6223586164626248
127,3.0,Tyler Higbee,LAR,TE12,TE,10,97,164,131.24,17.07,142.0,16.0,8.941176470588237,7.717760266386341,138.88,0.6235856762442448
128,7.0,Russell Wilson,DEN,QB18,QB,9,101,193,133.23,17.27,139.0,-4.0,17.517333333333333,8.425599992765811,329.38,0.6032372401044649
129,7.0,Rashaad Penny,PHI,RB40,RB,10,90,235,133.38,26.82,101.0,-3.0,10.24,10.636164722304747,117.96000000000001,0.651478393369726
130,7.0,Jaylen Warren,PIT,RB41,RB,6,93,227,134.32,23.05,125.0,22.0,5.76875,4.173682426826459,118.14000000000001,0.6518080512215045
131,7.0,Adam Thielen,CAR,WR60,WR,7,69,234,136.17,27.35,132.0,-7.0,10.470588235294116,5.8078357313506155,142.0,0.6079330330597987
132,8.0,Damien Harris,BUF,RB42,RB,13,92,257,136.99,28.63,116.0,-3.0,8.263636363636365,5.256096027903739,106.27,0.6300689473292219
133,7.0,Jameson Williams,DET,WR61,WR,9,77,262,138.86,27.03,122.0,-66.0,,,113.61000000000001,0.5559386641042892
134,4.0,Chigoziem Okonkwo,TEN,TE13,TE,7,89,209,140.71,15.30,147.0,-1.0,5.600000000000001,5.305068331322416,126.23,0.6004180549942554
135,7.0,Raheem Mostert,MIA,RB43,RB,10,92,199,141.47,21.22,130.0,43.0,10.45625,7.026233580897617,127.03000000000002,0.6680894862343428
136,7.0,Jeff Wilson Jr.,MIA,RB44,RB,10,88,229,142.32,21.90,135.0,53.0,9.71875,6.621099480700569,134.69,0.682118259260028
137,8.0,De'Von Achane,MIA,RB45,RB,10,80,287,139.71,38.97,120.0,-6.0,,,102.21000000000001,0.6226333313391069
138,7.0,Elijah Mitchell,SF,RB46,RB,9,109,217,144.55,21.85,118.0,12.0,8.720000000000002,5.324659613533996,115.66,0.6472660985970007
139,7.0,Michael Gallup,DAL,WR62,WR,7,79,222,143.72,24.48,155.0,12.0,7.528571428571429,4.97770855088789,143.19000000000003,0.6101124377465567
140,8.0,Kenneth Gainwell,PHI,RB47,RB,10,99,289,147.93,31.95,137.0,20.5,5.170588235294119,4.264352926570799,108.12000000000002,0.6334570974725011
141,7.0,Tyler Allgeier,ATL,RB48,RB,11,90,237,148.13,24.19,129.0,18.5,9.837500000000002,5.797341344674012,113.03000000000002,0.6424494310960147
142,4.0,Cole Kmet,CHI,TE14,TE,13,97,246,149.46,24.63,152.0,-3.0,8.605882352941176,6.704147092307426,123.79,0.5959493596701468
143,8.0,DJ Chark Jr.,CAR,WR63,WR,7,81,303,148.45,26.73,154.0,4.0,8.927272727272726,6.96636072983461,138.64,0.6017794198266
144,8.0,Devin Singletary,HOU,RB49,RB,7,100,272,151.12,28.09,133.0,18.0,10.93125,6.110615762752556,109.21,0.6354533589082709
145,7.0,Derek Carr,NO,QB19,QB,11,125,202,153.22,15.93,153.0,-39.0,18.472,7.750383584977308,305.476,0.5594586773882796
146,5.0,Dalton Kincaid,BUF,TE15,TE,13,71,294,148.38,32.26,158.0,-4.0,,,120.27,0.5895027172353672
147,,Gerald Everett,LAC,TE16,TE,5,97,244,154.99,23.07,169.0,13.0,8.59375,4.697441679609587,124.95000000000002,0.5980738213816084
148,7.0,Matthew Stafford,LAR,QB20,QB,10,126,197,156.38,14.98,167.0,-41.0,14.597777777777777,6.127686712328272,298.126,0.5459976484406572
149,8.0,Ezekiel Elliott,NE,RB50,RB,11,88,323,155.71,42.25,,,12.386666666666665,5.333166664062418,110.01,0.6369185049161753
150,,Greg Dulcich,DEN,TE17,TE,9,78,273,158.08,35.17,138.0,-16.5,8.610000000000001,4.940411588791633,120.68,0.5902536045644182
151,,Tank Bigsby,JAX,RB51,RB,9,89,309,155.85,40.91,146.0,8.0,,,96.6,0.6123589949586768
152,7.0,Donovan Peoples-Jones,CLE,WR64,WR,5,91,224,157.01,25.11,174.0,-4.0,9.41764705882353,5.531188309725774,124.91000000000001,0.5766338514659397
153,,Kenny Pickett,PIT,QB21,QB,6,119,197,161.63,16.55,172.0,-56.0,12.68153846153846,4.737879001821115,288.856,0.5290202690740643
154,,Jordan Love,GB,QB22,QB,6,112,241,163.06,20.34,185.0,-17.5,,,301.668,0.5524845823906543
155,7.0,K.J. Osborn,MIN,WR65,WR,13,77,233,156.31,30.83,182.0,16.0,9.094117647058825,8.275601986278348,131.57000000000002,0.5888311919817443
156,,Alec Pierce,IND,WR66,WR,11,109,247,166.21,28.59,178.0,-10.0,6.95625,5.790102906396973,120.19,0.5679894900193033
157,,Juwan Johnson,NO,TE18,TE,11,105,352,165.91,34.62,,,,,113.76,0.5775800915960446
158,,Curtis Samuel,WAS,WR67,WR,14,109,256,168.06,27.17,200.0,34.0,10.311764705882355,6.559809672633533,133.91000000000003,0.5931167440548649
159,,Van Jefferson,LAR,WR68,WR,10,103,271,168.99,34.59,,,7.172727272727273,4.471038114149981,126.65000000000002,0.5798205440331319
160,,Isaiah Hodgins,NYG,WR69,WR,13,89,265,168.50,32.90,,,,,123.72000000000001,0.5744544467791818
161,,Brock Purdy,SF,QB23,QB,9,116,346,175.14,43.55,183.0,-34.5,15.139999999999999,11.097292462578428,292.694,0.5360493070469861
162,,Jonathan Mingo,CAR,WR70,WR,7,73,293,168.29,43.98,,,,,135.11,0.5953144630667215
163,,Sam LaPorta,DET,TE19,TE,9,116,351,170.81,43.12,177.0,4.0,,,114.73,0.5793565811306287
164,,Hunter Renfrow,LV,WR71,WR,13,91,247,170.72,30.92,181.0,30.0,7.6,5.484726266845249,141.35,0.6067426019283763
165,,Rashid Shaheed,NO,WR72,WR,11,119,242,168.89,25.57,,,8.291666666666666,5.3333357007570505,107.78000000000002,0.5452614125716854
166,,Kendre Miller,NO,RB52,RB,11,114,280,176.95,37.08,,,,,66.49,0.5572145620861726
167,,D'Onta Foreman,CHI,RB53,RB,13,113,272,185.73,36.81,150.0,7.0,7.529411764705882,9.18400543784426,94.89000000000001,0.6092272453667811
168,,Marvin Mims Jr.,DEN,WR73,WR,9,79,301,177.21,50.35,,,,,90.52,0.5136508874511465
169,1.0,San Francisco 49ers,SF,DST1,DST,9,155,210,161.63,7.89,,,,,,
170,,Jayden Reed,GB,WR74,WR,6,106,316,179.59,44.41,,,,,129.07,0.5842526107070428
171,,Roschon Johnson,CHI,RB54,RB,13,96,350,182.55,46.75,175.0,1.0,,,78.29,0.5788254657027635
172,,Marquez Valdes-Scantling,KC,WR75,WR,10,109,270,181.22,31.04,168.0,8.5,,,136.36,0.5976037537040723
172,,Marquez Valdes-Scantling,KC,WR75,WR,10,109,270,181.22,31.04,198.0,35.5,,,136.36,0.5976037537040723
173,,Chuba Hubbard,CAR,RB55,RB,7,129,272,189.84,31.37,189.0,58.0,5.713333333333334,6.293745950961008,106.39999999999999,0.6303070335555064
174,1.0,Dallas Cowboys,DAL,DST2,DST,7,156,201,167.75,8.45,,,,,,
175,,DeVante Parker,NE,WR76,WR,11,123,267,188.52,26.19,,,7.915384615384616,8.104406841738033,135.02000000000004,0.5951496341408323
176,,Darius Slayton,NYG,WR77,WR,13,119,315,185.89,32.32,,,7.9,6.424432530063129,103.19000000000001,0.5368551373513335
177,,Parris Campbell,NYG,WR78,WR,13,119,287,189.41,29.36,,,8.711764705882354,6.633050048143499,102.7,0.5359577354214919
178,,Bryce Young,CAR,QB24,QB,7,146,312,191.27,33.29,,,,,280.83,0.5143211917497628
179,,Rashee Rice,KC,WR79,WR,10,110,313,182.69,43.66,171.0,-53.0,,,101.34999999999998,0.5334853015331532
180,,Robert Woods,HOU,WR80,WR,7,89,306,190.23,35.97,,,6.747058823529413,4.653374803174952,123.53,0.5741064746023045
181,1.0,Philadelphia Eagles,PHI,DST3,DST,10,155,230,174.56,12.15,,,,,,
182,,Irv Smith Jr.,CIN,TE20,TE,7,138,299,193.28,37.71,,,6.7749999999999995,4.2764304206729635,109.03999999999999,0.5689357301494082
183,1.0,Justin Tucker,BAL,K1,K,13,173,253,174.72,8.34,,,,,,
184,,John Metchie III,HOU,WR81,WR,7,107,311,193.42,31.97,195.0,-20.0,,,106.25000000000001,0.5424593208315681
185,1.0,Buffalo Bills,BUF,DST4,DST,13,158,213,177.64,11.40,,,,,,
186,,Ryan Tannehill,TEN,QB25,QB,7,146,318,198.54,36.75,,,15.686666666666666,7.360466059025108,260.562,0.4772017176395033
187,,Sam Howell,WAS,QB26,QB,14,116,320,199.07,46.12,,,,,255.202,0.46738523938654336
188,,Hayden Hurst,CAR,TE21,TE,7,127,288,199.42,36.60,,,8.107692307692309,4.2121770971121215,105.69000000000001,0.5628004312413084
189,,Kyler Murray,ARI,QB27,QB,14,130,358,201.59,49.16,173.0,-234.0,19.956363636363637,8.969864294098626,236.79399999999998,0.43367222974466163
190,1.0,Tyler Bass,BUF,K2,K,13,176,233,182.84,10.18,,,,,,
191,,Chase Claypool,CHI,WR82,WR,13,125,283,199.02,24.42,197.0,-20.0,7.069333333333332,6.010879976778616,105.78000000000002,0.5415985475519243
192,2.0,New York Jets,NYJ,DST5,DST,7,158,330,188.84,21.34,,,,,,
193,3.0,New England Patriots,NE,DST6,DST,11,158,266,188.09,12.92,,,,,,
194,,Jerome Ford,CLE,RB56,RB,5,123,329,209.04,42.22,190.0,-6.0,,,68.29,0.5605111406039577
195,,Zamir White,LV,RB57,RB,13,118,393,209.63,43.78,156.0,-71.0,,,49.6,0.5262816669942897
196,1.0,Harrison Butker,KC,K3,K,10,173,224,190.84,10.64,,,,,,
197,,Jalin Hyatt,NYG,WR83,WR,13,87,330,196.29,38.52,179.0,-85.0,,,82.08,0.49819359706775446
198,,Gus Edwards,BAL,RB58,RB,13,133,312,211.67,40.02,176.0,14.0,6.477777777777778,5.630891975916822,86.61,0.5940629841849698
199,,Joshua Palmer,LAC,WR84,WR,5,123,301,197.98,30.98,,,10.39375,7.412374226026818,95.75000000000001,0.5232292794778219
200,1.0,Evan McPherson,CIN,K4,K,7,176,239,194.70,11.97,,,,,,
201,,Tyjae Spears,TEN,RB59,RB,7,121,360,212.70,53.79,,,,,79.32000000000001,0.5807118411879405
202,,Clyde Edwards-Helaire,KC,RB60,RB,10,118,315,212.75,40.94,170.0,-12.0,9.830000000000002,8.536724586553479,74.04,0.571041877535771
203,4.0,Baltimore Ravens,BAL,DST7,DST,13,171,230,195.61,11.00,,,,,,
204,,Wan'Dale Robinson,NYG,WR85,WR,13,123,330,199.10,40.55,199.0,-51.0,,,88.11999999999999,0.5092554494274332
205,,Mecole Hardman Jr.,NYJ,WR86,WR,7,134,285,205.33,25.43,210.0,16.0,11.600000000000001,9.010945724902733,120.88,0.5692531784511209
206,,Hunter Henry,NE,TE22,TE,11,137,344,213.62,44.50,,,6.111764705882354,5.057405752080455,107.02000000000001,0.5652362364794495
207,2.0,Daniel Carlson,LV,K5,K,13,173,284,197.93,22.79,,,,,,
208,,Allen Robinson II,PIT,WR87,WR,6,120,290,205.10,30.30,,,8.49,5.6254283787498744,101.15000000000002,0.5331190150311772
209,,Dawson Knox,BUF,TE23,TE,13,132,318,221.23,44.44,160.0,-40.0,9.046666666666669,5.556060611963257,99.07000000000001,0.5506763480258989
210,2.0,Denver Broncos,DEN,DST8,DST,9,164,330,202.95,23.00,,,,,,
211,,Cordarrelle Patterson,ATL,RB61,RB,11,132,319,218.14,43.45,141.0,-16.0,,,82.99000000000001,0.5874331984992022
212,,C.J. Stroud,HOU,QB28,QB,7,148,333,220.40,38.07,,,,,258.746,0.4738758362015601
213,5.0,Kansas City Chiefs,KC,DST9,DST,10,187,278,209.97,15.47,,,,,,
214,,Mike Gesicki,NE,TE24,TE,11,138,333,225.44,47.69,,,5.776470588235293,6.603363670486875,92.32000000000001,0.538314178584205
215,,Josh Downs,IND,WR88,WR,11,120,301,215.15,25.98,,,,,68.64,0.4735791441349595
216,,Jimmy Garoppolo,LV,QB29,QB,13,148,338,224.09,41.64,,,17.98,7.827663763857005,273.34600000000006,0.5006147508458166
217,2.0,New Orleans Saints,NO,DST10,DST,11,170,318,211.78,17.38,,,,,,
218,2.0,Pittsburgh Steelers,PIT,DST11,DST,6,180,303,212.09,16.82,,,,,,
219,,Trey McBride,ARI,TE25,TE,14,139,391,225.84,42.00,,,3.7812500000000004,5.539460713824045,85.37,0.525585722640535
220,,Mac Jones,NE,QB30,QB,11,169,330,229.29,36.81,,,14.434285714285712,7.300551838241897,257.786,0.4721176609920748
221,3.0,Younghoe Koo,ATL,K6,K,11,184,281,218.17,14.60,,,,,,
222,2.0,Miami Dolphins,MIA,DST12,DST,10,165,303,222.98,27.62,,,,,,
223,,Jake Ferguson,DAL,TE26,TE,7,137,352,211.98,55.88,186.0,-22.0,3.025,3.8697975829923363,95.10000000000001,0.543405560961673
224,4.0,Jason Sanders,MIA,K7,K,10,204,324,223.01,14.14,,,,,,
225,,Cincinnati Bengals,CIN,DST13,DST,7,196,307,224.37,22.72,,,,,,
226,,Joshua Kelley,LAC,RB62,RB,5,141,362,233.73,39.34,,,4.984615384615386,4.15027030321443,77.91,0.5781295213490089
227,,Tyquan Thornton,NE,WR89,WR,11,154,330,221.01,30.20,,,5.1,6.167387345275685,87.06,0.5073141309669598
228,,Noah Fant,SEA,TE27,TE,5,147,310,237.28,37.07,,,7.211764705882354,4.250717932441115,106.53,0.564338834549608
229,3.0,Brandon McManus,JAX,K8,K,9,204,253,228.43,8.64,,,,,,
230,3.0,Jake Elliott,PHI,K9,K,10,191,281,229.50,15.07,,,,,,
231,,Terrace Marshall Jr.,CAR,WR90,WR,7,156,361,230.01,30.68,,,5.785714285714285,4.525799061255056,74.26,0.48387179484048837
232,3.0,Jason Myers,SEA,K10,K,5,191,309,230.40,19.60,,,,,,
233,,Washington Commanders,WAS,DST14,DST,14,187,305,232.90,25.32,,,,,,
234,,Tank Dell,HOU,WR91,WR,7,70,340,204.91,51.04,,,,,71.59,0.4789818700391072
235,,Richie James Jr.,KC,WR92,WR,10,143,374,234.93,37.27,,,7.617647058823529,7.736458758220525,68.85000000000001,0.47396374496203447
236,,Desmond Ridder,ATL,QB31,QB,11,148,327,243.87,41.59,,,9.93,6.179762670739603,227.77,0.41714538277549934
237,,Zach Ertz,ARI,TE28,TE,14,136,376,244.53,43.67,188.0,-7.0,11.16,4.843598295115362,104.44000000000001,0.5605111406039577
238,,Cleveland Browns,CLE,DST15,DST,5,190,354,233.62,22.38,,,,,,
239,,Marvin Jones Jr.,DET,WR93,WR,9,159,350,239.23,29.39,,,7.30625,4.915481495574298,106.67000000000002,0.543228522485718
240,,Michael Carter,NYJ,RB63,RB,7,149,367,240.71,49.85,,,7.749999999999999,5.241119473293213,47.82000000000001,0.5230217171267023
241,,Mack Hollins,ATL,WR94,WR,11,136,308,232.40,29.52,,,9.068235294117647,7.214839079368054,110.17999999999999,0.5496568505953987
242,,Luke Musgrave,GB,TE29,TE,6,138,376,226.71,55.24,,,,,92.2,0.5380944066830193
243,,Tampa Bay Buccaneers,TB,DST16,DST,5,165,325,234.78,32.49,,,,,,
244,,Green Bay Packers,GB,DST17,DST,6,180,307,245.16,25.84,,,,,,
245,,Michael Mayer,LV,TE30,TE,13,142,348,249.42,39.31,,,,,90.56,0.5350908573668152
246,,Leonard Fournette,FA,RB64,RB,,128,364,228.93,52.19,,,,,,
247,,Los Angeles Chargers,LAC,DST18,DST,5,192,343,242.45,24.35,,,,,,
248,,Khalil Shakir,BUF,WR95,WR,13,144,346,241.24,38.89,,,,,71.94,0.47962287141756543
249,,Sterling Shepard,NYG,WR96,WR,13,109,385,244.74,42.81,,,,,76.94,0.4887800339669683
250,,Chase Edmonds,TB,RB65,RB,5,128,360,248.70,43.08,,,5.707692307692308,4.775887620547888,78.1,0.5784774935258862
251,,Kareem Hunt,FA,RB66,RB,,96,336,236.08,46.95,,,,,,
252,4.0,Graham Gano,NYG,K11,K,13,211,318,249.59,21.36,,,,,,
253,4.0,Greg Joseph,MIN,K12,K,13,204,302,251.64,19.72,,,,,,
254,,Kyren Williams,LAR,RB67,RB,10,138,359,259.20,45.96,,,,,80.69000000000001,0.583220903726477
255,,Josh Reynolds,DET,WR97,WR,9,175,369,243.90,31.23,,,7.421428571428572,7.124408593153386,84.63,0.5028637499679499
256,,Matt Gay,IND,K13,K,11,191,308,247.27,24.25,,,,,,
257,,Cade Otton,TB,TE31,TE,5,153,349,259.98,37.72,,,5.8187500000000005,5.161294249830496,104.42000000000002,0.56047451195376
258,,Greg Zuerlein,NYJ,K14,K,7,212,339,254.33,25.31,,,,,,
259,,Chase Brown,CIN,RB68,RB,7,141,348,252.03,44.00,,,,,72.77000000000001,0.5687159582482226
260,,Ty Chandler,MIN,RB69,RB,13,132,384,241.86,54.92,,,,,73.75,0.5705107621079056
261,,Jacksonville Jaguars,JAX,DST19,DST,9,170,355,258.83,30.43,,,,,,
262,,Kendrick Bourne,NE,WR98,WR,11,185,364,247.80,28.56,,,5.39375,6.0088233734511896,89.13999999999999,0.5111235105875114
263,,Tyler Conklin,NYJ,TE32,TE,7,152,356,246.07,51.21,,,7.617647058823531,6.486836217883649,103.36000000000001,0.5585331934932867
264,,Jelani Woods,IND,TE33,TE,11,153,341,267.86,33.00,,,4.880000000000001,5.4811625461340645,92.04000000000002,0.5378013774814384
265,,Baker Mayfield,TB,QB32,QB,5,178,343,273.19,35.10,,,11.701666666666668,5.494264502573791,227.79799999999997,0.41719666288577595
266,,Wil Lutz,NO,K15,K,11,221,352,263.34,20.02,,,,,,
267,,Taysom Hill,NO,TE34,TE,11,142,360,268.29,42.88,202.0,-181.0,,,42.65,0.44734692581843666
268,,Indianapolis Colts,IND,DST20,DST,11,158,323,264.86,29.46,,,,,,
269,,Nick Folk,NE,K16,K,11,209,302,243.76,24.73,,,,,,
270,,Isaiah Likely,BAL,TE35,TE,13,179,349,274.78,31.00,,,5.70625,6.1762414406606005,64.91,0.48811461348837837
271,,Michael Wilson,ARI,WR99,WR,14,122,340,213.79,46.51,,,,,83.24999999999999,0.5003363731043148
272,,Puka Nacua,LAR,WR100,WR,10,144,368,235.76,42.97,,,,,68.80999999999999,0.4738904876616392
273,,Deuce Vaughn,DAL,RB70,RB,7,120,380,266.30,53.75,168.0,-54.5,,,54.629999999999995,0.5354937725189889
273,,Deuce Vaughn,DAL,RB70,RB,7,120,380,266.30,53.75,198.0,-27.5,,,54.629999999999995,0.5354937725189889
274,,Pierre Strong Jr.,NE,RB71,RB,11,189,383,274.67,40.49,,,,,35.17,0.4998540958767129
275,,Zach Evans,LAR,RB72,RB,10,184,388,278.29,36.76,,,,,49.709999999999994,0.5264831245703765
276,,Isaiah McKenzie,IND,WR101,WR,11,209,351,262.93,34.32,,,7.986666666666667,6.564174049519175,65.87,0.4685060760825903
277,,Carolina Panthers,CAR,DST21,DST,7,192,345,282.43,29.29,,,,,,
278,,Chris Boswell,PIT,K17,K,6,184,339,281.33,23.01,,,,,,
279,,Logan Thomas,WAS,TE36,TE,14,179,368,277.23,33.70,,,,,95.51000000000002,0.5441564482907241
280,,Cedric Tillman,CLE,WR102,WR,5,174,340,258.38,31.17,,,,,48.75,0.43715195151343483
281,,Seattle Seahawks,SEA,DST22,DST,5,171,355,283.86,40.47,,,,,,
282,,Quez Watkins,PHI,WR103,WR,10,212,376,270.44,24.73,,,4.911764705882354,4.825438108729244,59.07,0.4560523350154024
283,,Laviska Shenault Jr.,CAR,WR104,WR,7,206,352,270.33,27.31,,,5.592307692307693,5.431767904108437,63.69,0.46451355321105064
284,,Jake Moody,SF,K18,K,9,204,339,260.88,31.75,,,,,,
285,,Isaiah Spiller,LAC,RB73,RB,5,189,382,283.18,37.68,,,,,50.69000000000001,0.5282779284300595
286,,Justyn Ross,KC,WR105,WR,10,151,379,246.23,50.85,180.0,-283.0,,,31.38,0.40533996881680917
287,,Matt Prater,ARI,K19,K,14,221,342,270.14,25.71,,,,,,
288,,Riley Patterson,DET,K20,K,9,215,339,281.03,25.31,,,,,,
289,,Evan Hull,IND,RB74,RB,11,168,375,282.96,48.12,,,,,36.760000000000005,0.502766073567423
290,,Los Angeles Rams,LAR,DST23,DST,10,187,355,280.70,35.52,,,,,,
291,,Keaontay Ingram,ARI,RB75,RB,14,172,369,277.65,46.25,,,,,65.67999999999999,0.5557311017531693
292,,Braxton Berrios,MIA,WR106,WR,10,203,345,268.34,26.95,,,3.451764705882353,3.521299893672288,66.86,0.4703191942673721
293,,Latavius Murray,BUF,RB76,RB,13,181,385,289.83,39.88,,,11.630769230769232,4.818780034992366,55.550000000000004,0.5371786904280791
294,,New York Giants,NYG,DST24,DST,13,190,355,295.13,28.60,,,,,,
295,,Russell Gage,TB,WR107,WR,5,136,343,228.02,38.30,,,9.276923076923078,7.474640888380953,122.09,0.5714692117880764
296,,Tennessee Titans,TEN,DST25,DST,7,187,352,298.95,32.70,,,,,,
297,,Dustin Hopkins,LAC,K21,K,5,220,332,282.49,25.40,,,,,,
298,,Nick Westbrook-Ikhine,TEN,WR108,WR,7,214,365,280.88,30.67,,,4.864705882352942,7.272803893312966,82.02000000000001,0.4980837111171617
299,,Matt Breida,NYG,RB77,RB,13,192,378,298.36,32.09,,,3.51764705882353,3.1990692580260056,57.09,0.5399990964932952
300,,Israel Abanikanda,NYJ,RB78,RB,7,224,369,296.90,28.35,,,,,43.27,0.5146886992067455
301,,Cairo Santos,CHI,K22,K,13,191,353,299.98,27.48,,,,,,
302,,Jordan Mason,SF,RB79,RB,9,217,380,294.27,28.67,,,1.9875000000000003,2.645215807201119,35.1,0.49972589560102126
303,,Zack Moss,IND,RB80,RB,11,214,368,296.89,34.57,201.0,-29.0,4.884615384615385,5.838642272801408,51.31,0.5294134165861855
304,,Chris Evans,CIN,RB81,RB,7,181,386,300.57,50.91,,,,,37.24999999999999,0.5036634754972644
305,,Detroit Lions,DET,DST26,DST,9,180,354,302.55,32.40,,,,,,
306,,Devin Duvernay,BAL,WR109,WR,13,215,396,290.60,39.80,,,7.792857142857143,6.115234983310037,27.289999999999996,0.3978494098513976
307,,Sean Tucker,TB,RB82,RB,5,171,392,298.43,48.67,,,,,48.620000000000005,0.5244868631346067
308,,Greg Dortch,ARI,WR110,WR,14,134,361,255.06,43.17,,,7.00625,7.979429282014264,87.52999999999999,0.5081749042466036
309,,JaMycal Hasty,JAX,RB83,RB,9,183,383,301.23,33.38,,,4.117647058823529,6.309341813346862,48.629999999999995,0.5245051774597055
310,,Ka'imi Fairbairn,HOU,K23,K,7,184,353,304.20,24.51,,,,,,
311,,Kayshon Boutte,NE,WR111,WR,11,222,396,291.49,33.53,,,,,23.52,0.3909449092891478
312,,DeWayne McBride,MIN,RB84,RB,13,183,388,303.92,31.69,,,,,29.72,0.48987278869786377
313,,Austin Hooper,LV,TE37,TE,13,212,394,304.70,28.83,,,5.7294117647058815,4.7109930887608975,68.27,0.4942682267215771
314,,D'Ernest Johnson,JAX,RB85,RB,9,185,388,300.26,38.67,,,,,24.730000000000004,0.48073394047355966
315,,Daniel Bellinger,NYG,TE38,TE,13,207,381,307.57,34.53,,,6.0,4.2852813634155185,34.300000000000004,0.43205446436093387
316,,David Bell,CLE,WR112,WR,5,220,390,284.93,36.92,,,,,26.41,0.39623774924270266
317,,Boston Scott,PHI,RB86,RB,10,243,393,314.41,33.76,,,3.08,3.7244750349162348,27.890000000000004,0.4865212672047822
318,,Deon Jackson,IND,RB87,RB,11,166,364,292.38,52.35,,,,,32.59,0.495129000001221
319,,Zonovan Knight,NYJ,RB88,RB,7,235,388,309.67,35.31,,,8.142857142857142,6.693991620066746,27.16,0.48518432147256946
320,,Malik Davis,DAL,RB89,RB,7,177,393,301.84,41.76,,,,,29.95,0.49029401817513635
321,,Brett Maher,DEN,K24,K,9,170,352,292.95,38.23,,,,,,
322,,Cade York,CLE,K25,K,5,244,353,302.81,25.79,,,,,,
323,,James Robinson,NYG,RB90,RB,13,198,388,308.24,41.96,,,7.963636363636365,7.967718961819969,23.84,0.479103965539766
324,,Trey Lance,SF,QB33,QB,9,197,387,307.15,36.60,,,,,79.414,0.14544138133965623
325,,Tutu Atwell,LAR,WR113,WR,10,196,346,261.78,34.71,,,4.861538461538462,4.678592819345446,69.09,0.47440328876440574
326,,Deonte Harty,BUF,WR114,WR,13,174,375,263.35,42.23,,,,,33.230000000000004,0.40872811896008826
327,,Kyle Philips,TEN,WR115,WR,7,204,386,279.30,35.10,,,,,39.36000000000001,0.4199548002456562
328,,Jacoby Brissett,WAS,QB34,QB,14,232,381,324.04,28.06,,,12.038749999999999,9.70130566813904,84.10199999999999,0.15402713694597636
329,,Cameron Dicker,LAC,K26,K,5,221,342,295.31,33.17,,,,,,
330,,Nelson Agholor,BAL,WR116,WR,13,220,382,303.57,37.63,,,4.575,6.880261622932663,20.900000000000002,0.3861465561132607
331,,Minnesota Vikings,MIN,DST27,DST,13,167,355,318.99,32.00,,,,,,
332,,Eric Gray,NYG,RB91,RB,13,237,393,320.95,30.17,,,,,43.36,0.5148535281326349
333,,Hassan Haskins,TEN,RB92,RB,7,260,388,319.60,26.81,,,,,37.169999999999995,0.503516960896474
334,,Tyrion Davis-Price,SF,RB93,RB,9,269,393,329.93,29.29,,,,,25.89,0.4828584021850211
335,,Michael Badgley,TEN,K27,K,7,203,353,311.94,25.98,,,,,,
336,,Robbie Chosen,MIA,WR117,WR,10,195,396,294.91,40.82,,,,,73.76,0.48295607858554807
337,,Ronald Jones II,DAL,RB94,RB,7,238,388,326.85,30.23,,,,,48.989999999999995,0.5251644931632625
338,,Melvin Gordon III,BAL,RB95,RB,13,256,385,326.45,25.89,,,8.21,5.670087202935145,42.71,0.5136630970012125
339,,Trayveon Williams,CIN,RB96,RB,7,183,370,310.98,37.57,,,,,37.86000000000001,0.5047806493282917
340,,Adam Trautman,DEN,TE39,TE,9,209,384,314.41,36.53,,,,,50.44,0.4616137850704064
341,,Eddy Pineiro,CAR,K28,K,7,249,353,310.98,26.59,,,,,,
342,,Will Levis,TEN,QB35,QB,7,282,397,336.72,27.00,,,,,63.60800000000001,0.11649375908848383
343,,Kyle Trask,TB,QB36,QB,5,202,387,326.08,40.76,,,,,81.278,0.14885517153807368
344,,Robbie Gould,FA,K29,K,,218,342,279.54,43.89,,,,,,
345,,Colt McCoy,ARI,QB37,QB,14,228,385,323.02,33.72,,,8.950000000000001,5.217240649998809,82.892,0.1518111036090209
346,,Jonnu Smith,ATL,TE40,TE,11,253,394,332.14,25.24,,,,,47.96000000000001,0.45707183244590255
347,,Robert Tonyan,CHI,TE41,TE,13,221,390,332.33,29.58,,,6.588235294117648,4.682131239208964,47.449999999999996,0.45613780186586345
348,,Ryan Succop,FA,K30,K,,216,353,284.03,46.54,,,,,,
349,,Luke Schoonmaker,DAL,TE42,TE,7,255,364,328.45,24.75,,,,,53.330000000000005,0.4669066250239613
350,,DeeJay Dallas,SEA,RB97,RB,5,272,393,333.47,25.96,,,3.08,4.146461486272707,35.32,0.500128810753195
351,,Noah Brown,HOU,WR118,WR,7,222,369,297.38,31.93,,,7.093750000000001,6.959451008041751,49.629999999999995,0.4387636121221297
352,,Jauan Jennings,SF,WR119,WR,9,214,374,294.23,35.61,,,5.099999999999999,4.151947334283838,49.190000000000005,0.4379577818177823
353,,KJ Hamler,FA,WR120,WR,,231,377,290.47,32.63,,,,,,
354,,Ben Skowronek,LAR,WR121,WR,10,242,379,300.24,28.47,,,6.021428571428572,5.350942199050782,80.41000000000001,0.49513510477625394
355,,A.T. Perry,NO,WR122,WR,11,206,377,307.71,38.84,,,,,29.12,0.40120093134447904
356,,Xavier Hutchinson,HOU,WR123,WR,7,212,390,307.95,42.49,,,,,31.520000000000003,0.40559636936819243
357,,Albert Okwuegbunam,DEN,TE43,TE,9,268,387,331.52,28.62,,,,,27.94,0.42040655359809337
358,,Kenyan Drake,IND,RB98,RB,11,277,388,330.57,27.00,,,8.591666666666667,8.518798286285705,53.769999999999996,0.5339187405604916
359,,Trey Palmer,TB,WR124,WR,5,186,379,293.29,50.19,,,,,68.48,0.47328611493337863
360,,Marquez Callaway,DEN,WR125,WR,9,206,375,308.37,41.01,,,,,49.72,0.438928441048019
361,,Salvon Ahmed,MIA,RB99,RB,10,293,392,339.86,21.92,,,,,20.42,0.4728404663559744
362,,Kalif Raymond,DET,WR126,WR,9,222,396,301.97,47.33,,,6.305882352941177,4.078981274202435,55.04,0.4486716620005836
363,,Randall Cobb,NYJ,WR127,WR,7,216,375,303.29,40.72,,,6.207692307692308,4.858576872991641,77.67,0.49011697969918117
364,,Ke'Shawn Vaughn,TB,RB100,RB,5,230,392,319.62,42.66,198.0,-51.5,,,41.85,0.5120880650427152
364,,Ke'Shawn Vaughn,TB,RB100,RB,5,230,392,319.62,42.66,168.0,-78.5,,,41.85,0.5120880650427152
365,,Calvin Austin III,PIT,WR128,WR,6,206,370,295.41,46.17,,,,,37.83,0.41715270850553887
366,,Foster Moreau,NO,TE44,TE,11,260,389,341.40,28.08,,,5.613333333333333,3.9451356425470645,48.550000000000004,0.4581523776267321
367,,Trent Sherfield,BUF,WR129,WR,13,247,384,312.42,42.11,,,4.923529411764706,4.720504397276406,53.04,0.44500879698082246
368,,Noah Gray,KC,TE45,TE,10,264,371,333.00,25.49,,,4.11764705882353,2.4566835607475084,54.660000000000004,0.46934243026210243
369,,Myles Gaskin,MIA,RB101,RB,10,301,392,341.15,20.68,,,,,19.770000000000003,0.4716500352245519
370,,Sam Darnold,SF,QB38,QB,9,266,388,340.15,26.75,,,16.22,8.847544292062063,35.792,0.06555063239364561
371,,Tyler Scott,CHI,WR130,WR,13,222,396,317.82,40.40,,,,,21.8,0.38779484537215325
372,,Jamison Crowder,NYG,WR131,WR,13,247,395,314.03,38.11,,,,,17.03,0.37905891230002287
373,,Darnell Washington,PIT,TE46,TE,6,244,381,341.51,23.85,,,,,34.99000000000001,0.4333181527927515
374,,Rodrigo Blankenship,FA,K31,K,,219,351,306.28,38.43,,,,,,
375,,Rico Dowdle,DAL,RB102,RB,7,217,393,290.07,48.83,,,,,34.38,0.4984072641939072
376,,Olamide Zaccheaus,PHI,WR132,WR,10,261,384,318.19,37.00,,,6.411764705882352,4.360745686367926,46.260000000000005,0.4325916845638321
377,,Ameer Abdullah,LV,RB103,RB,13,237,388,326.58,38.14,,,3.1823529411764713,3.7314935505300104,48.06,0.5234612609290735
378,,Jalen Tolbert,DAL,WR133,WR,7,226,396,323.97,43.39,,,,,22.72,0.38947976328124334
379,,Donald Parham Jr.,LAC,TE47,TE,5,266,391,341.90,30.28,,,,,48.13,0.4573831759725822
380,,Chris Moore,TEN,WR134,WR,7,241,377,300.26,36.46,,,7.193749999999999,5.5803785713874285,57.52,0.4532136146250875
381,,Cedrick Wilson Jr.,MIA,WR135,WR,10,243,390,310.60,40.40,,,,,40.62,0.4222624052081057
382,,Deneric Prince,KC,RB104,RB,10,255,392,322.15,36.37,,,,,25.84,0.4827668305595271
383,,Will Dissly,SEA,TE48,TE,5,256,390,339.45,27.56,,,5.793333333333335,4.155799161011834,49.64000000000001,0.4601486390625019
384,,Tucker Kraft,GB,TE49,TE,6,275,394,336.68,28.53,,,,,37.52,0.43795167704274934
385,,Brandon Aubrey,DAL,K32,K,7,232,350,293.88,35.22,,,,,,
386,,Arizona Cardinals,ARI,DST28,DST,14,165,355,310.43,42.39,,,,,,
387,,Gardner Minshew II,IND,QB39,QB,11,257,397,344.07,28.86,,,8.364,11.8201641274561,44.638000000000005,0.08175148437604922
388,,Cole Turner,WAS,TE50,TE,14,235,389,319.94,44.35,,,,,16.96,0.4002974246396046
389,,Demario Douglas,NE,WR136,WR,11,229,384,295.22,43.22,,,,,47.17,0.4342582881478235
390,,Kenny McIntosh,SEA,RB105,RB,5,257,386,321.84,32.10,,,,,26.400000000000002,0.48379243276506023
391,,Durham Smythe,MIA,TE51,TE,10,260,391,330.44,36.16,,,,,46.67,0.45470928450815656
392,,Raheem Blackshear,CAR,RB106,RB,7,231,392,316.54,43.88,,,3.230769230769231,5.291090721736023,39.410000000000004,0.5076193697186066
393,,Mason Crosby,FA,K33,K,,173,342,309.76,35.78,,,,,,
394,,Jarvis Landry,FA,WR137,WR,,242,395,297.90,43.04,,,,,,
395,,Atlanta Falcons,ATL,DST29,DST,11,234,355,303.32,33.03,,,,,,
396,,Joey Slye,WAS,K34,K,14,261,353,313.79,24.84,,,,,,
397,,Justice Hill,BAL,RB107,RB,13,212,389,306.23,42.43,,,2.6666666666666665,2.4993332444207326,21.42,0.4746718988658549
398,,Ty Montgomery,NE,RB108,RB,11,243,387,333.67,38.85,,,,,35.46,0.5003852113045782
399,,Justin Watson,KC,WR138,WR,10,243,384,335.97,39.70,,,3.4411764705882355,4.017626604030266,33.06,0.40841677543340854
400,,Chris Rodriguez Jr.,WAS,RB109,RB,14,243,392,328.35,37.15,,,,,36.94,0.5030957314192015
401,,Anders Carlson,GB,K35,K,6,272,353,320.09,24.37,,,,,,
402,,Chicago Bears,CHI,DST30,DST,13,231,355,313.90,28.62,,,,,,
403,,J.D. McKissic,FA,RB110,RB,,278,388,332.74,22.78,,,,,,
404,,Brevin Jordan,HOU,TE52,TE,7,249,383,347.29,29.65,,,,,39.82,0.4421639718154746
405,,Chase McLaughlin,TB,K36,K,5,268,353,318.90,26.45,,,,,,
406,,Demarcus Robinson,LAR,WR139,WR,10,265,378,331.92,35.45,,,5.988235294117649,5.5379240642298875,45.52,0.43123642450652055
407,,C.J. Uzomah,NYJ,TE53,TE,7,288,391,352.42,26.87,,,3.7466666666666666,4.369352136786196,47.36,0.4559729729399742
408,,Julio Jones,FA,WR140,WR,,226,375,289.93,42.68,,,,,,
409,,Kene Nwangwu,MIN,RB111,RB,13,259,393,338.44,32.69,,,,,34.089999999999996,0.4978761487660419
410,,Tristan Vizcaino,FA,K37,K,,284,342,320.37,13.67,,,,,,
411,,Dyami Brown,WAS,WR141,WR,14,269,395,335.30,32.08,,,,,45.86000000000001,0.43185911155987994
412,,Jamal Agnew,JAX,WR142,WR,9,263,395,327.70,39.00,,,,,42.11,0.4249912396478278
413,,Houston Texans,HOU,DST31,DST,7,248,355,314.00,33.27,,,,,,
414,,Harrison Bryant,CLE,TE54,TE,5,307,391,355.42,25.72,,,3.6294117647058823,3.035779287489942,40.93,0.4441968619014421
415,,Mo Alie-Cox,IND,TE55,TE,11,318,394,353.14,18.68,,,3.111764705882353,6.399597873396146,36.910000000000004,0.4368345032117221
416,,Darrell Henderson Jr.,FA,RB112,RB,,309,386,339.27,24.65,,,,,,
417,,Mike White,MIA,QB40,QB,10,289,390,351.52,28.40,,,16.145,11.551708387362737,39.40599999999999,0.07216942948435408
418,,Charlie Jones,CIN,WR143,WR,7,269,396,343.25,37.78,,,,,41.10000000000001,0.4231414928128484
419,,Bailey Zappe,NE,QB41,QB,11,254,387,350.61,29.03,,,12.16,6.4961321825631995,36.49199999999999,0.0668326351505621
420,,Taylor Heinicke,ATL,QB42,QB,11,311,397,354.64,24.86,,,15.440000000000001,6.2981267056165215,52.19599999999999,0.09559345128572662
421,,Chad Ryland,NE,K38,K,11,249,342,290.60,36.18,,,,,,
422,,Parker Washington,JAX,WR144,WR,9,268,395,338.35,39.72,,,,,31.449999999999996,0.4054681690925008
423,,Denzel Mims,FA,WR145,WR,,268,384,332.20,37.61,,,,,,
424,,Kevin Harris,NE,RB113,RB,11,296,382,344.56,25.79,,,,,22.259999999999998,0.4762103021741546
425,,Samori Toure,GB,WR146,WR,6,268,396,344.72,31.60,,,,,33.81,0.40979034981581897
426,,Trenton Irwin,CIN,WR147,WR,7,285,376,334.53,32.90,,,7.022222222222222,6.653528721245926,37.53,0.41660327875257475
427,,Darrel Williams,NO,RB114,RB,11,306,372,342.12,18.69,,,,,18.77,0.46981860271467135
428,,Kylen Granson,IND,TE56,TE,11,305,394,357.35,22.85,,,4.63076923076923,3.004825179436294,44.989999999999995,0.4516324778915572
429,,Tanner Brown,LAR,K39,K,10,288,342,320.33,16.37,,,,,,
430,,Jameis Winston,NO,QB43,QB,11,304,397,352.95,25.74,,,17.30666666666667,6.039348750762232,22.128,0.04052593857863741
431,,Corey Clement,ARI,RB115,RB,14,257,393,336.54,40.98,,,,,51.550000000000004,0.5298529603885568
432,,Craig Reynolds,DET,RB116,RB,9,274,381,325.91,35.46,,,,,32.85,0.49560517245379
433,,Dontrell Hilliard,FA,RB117,RB,,313,376,338.54,17.58,,,,,,
434,,Kyle Juszczyk,SF,RB118,RB,9,281,388,324.20,25.95,,,,,34.03,0.49776626281544906
435,,Clayton Tune,ARI,QB44,QB,14,311,397,351.53,28.12,,,,,33.388000000000005,0.06114786863989271
436,,Dontayvion Wicks,GB,WR148,WR,6,293,384,344.08,32.30,,,,,40.01,0.42114523137707854
437,,Zach Pascal,ARI,WR149,WR,14,315,396,352.43,26.05,,,,,36.21,0.41418578783953236
438,,Ty Johnson,BUF,RB119,RB,13,313,382,344.00,23.10,,,2.51764705882353,4.24193872158086,24.67,0.4806240545229668
439,,Jordan Akins,CLE,TE57,TE,5,317,390,349.42,22.56,,,7.566666666666666,6.013397740125991,41.44,0.4451308924814812
440,,DeAndre Carter,LV,WR150,WR,13,305,375,342.80,26.72,,,6.429411764705883,6.024301277521978,22.83,0.3896812208573302
441,,Demetric Felton Jr.,CLE,RB120,RB,5,293,368,333.88,21.89,,,,,27.349999999999998,0.4855322936494468
442,,Tre Tucker,LV,WR151,WR,13,314,384,356.82,23.37,,,,,15.470000000000002,0.37620187758460916
443,,Brenton Strange,JAX,TE58,TE,9,341,372,353.20,11.76,,,,,46.5,0.4543979409814769
444,,Tre'Quan Smith,NO,WR152,WR,11,321,386,364.77,16.79,,,3.52,5.1585158441441,22.07,0.388289332149821
445,,Randy Bullock,FA,K40,K,,305,353,326.17,17.23,,,,,,
446,,Tyler Davis,FA,K41,K,,233,350,312.60,41.69,,,,,,
447,,Andrei Iosivas,CIN,WR153,WR,7,282,395,355.80,33.80,,,,,10.72,0.3675025731626764
448,,Josh Oliver,MIN,TE59,TE,13,327,394,351.56,17.81,,,,,38.41,0.43958165197654303
449,,Las Vegas Raiders,LV,DST32,DST,13,266,355,315.20,32.71,,,,,,
450,,Tony Jones Jr.,DEN,RB121,RB,9,269,321,294.75,19.14,,,,,24.049999999999997,0.47948856636684084
451,,Scott Miller,ATL,WR154,WR,11,315,383,363.58,19.20,,,,,19.110000000000003,0.3828682919205745
452,,Mike Boone,HOU,RB122,RB,7,296,379,340.00,30.25,,,,,14.27,0.4615771564202088
453,,KhaDarel Hodge,ATL,WR155,WR,11,269,383,330.83,41.21,,,,,33.93,0.4100101217170046
454,,Brandon Bolden,LV,RB123,RB,13,292,388,353.56,33.01,,,,,20.66,0.4732800101583457
455,,Kenny Golladay,FA,WR156,WR,,295,373,331.50,26.56,,,,,,
456,,Brian Hoyer,LV,QB45,QB,13,270,358,323.00,39.00,,,,,53.354000000000006,0.09771425013216835
457,,Caleb Shudak,FA,K42,K,,297,342,323.60,17.05,,,,,,
458,,Keaton Mitchell,BAL,RB124,RB,13,287,362,324.20,25.92,,,,,16.76,0.46613742336981145
459,,David Moore,TB,WR157,WR,5,195,328,276.33,58.21,,,,,40.55,0.4221342049324141
460,,Colby Parkinson,SEA,TE60,TE,5,313,394,361.80,20.70,,,4.070588235294118,4.277084974881016,35.010000000000005,0.4333547814429491
461,,Velus Jones Jr.,CHI,WR158,WR,13,295,390,347.57,33.20,,,,,18.599999999999998,0.3819342613405354
462,,Marquise Goodwin,CLE,WR159,WR,5,297,373,347.71,25.87,,,6.938461538461539,7.3451274621954274,38.29,0.4179951674600839
463,,Jeremy Ruckert,NYJ,TE61,TE,7,346,389,366.18,15.84,,,,,19.130000000000003,0.4042716331860455
464,,Rex Burkhead,FA,RB125,RB,,326,393,350.86,21.14,,,,,,
465,,Justin Shorter,BUF,WR160,WR,13,304,358,332.60,21.39,,,,,17.41,0.37975485665377745
466,,Byron Pringle,WAS,WR161,WR,14,196,395,317.00,78.95,,,,,14.759999999999998,0.37490156050259393
467,,Peyton Hendershot,DAL,TE62,TE,7,338,391,365.60,18.65,,,2.264705882352941,3.439829424635506,27.209999999999997,0.41906960786588054
468,,Julius Chestnut,TEN,RB126,RB,7,277,337,318.50,24.14,,,,,16.069999999999997,0.46487373493799383
469,,Jalen Nailor,MIN,WR162,WR,13,286,378,358.50,28.40,,,,,24.849999999999998,0.39338071452728895
470,,Tyler Huntley,BAL,QB46,QB,13,325,387,366.40,20.22,,,8.67,6.136249668975344,26.224,0.04802748613910827
471,,Deven Thompkins,TB,WR163,WR,5,285,383,319.50,38.51,,,,,39.98,0.42109028840178214
472,,Zach Wilson,NYJ,QB47,QB,7,264,379,337.80,40.13,,,12.991111111111113,8.670381255233885,20.540000000000003,0.03761762375294712
473,,Shi Smith,CAR,WR164,WR,7,297,371,328.00,31.76,,,,,19.029999999999998,0.382721777319784
474,,Jalen Guyton,LAC,WR165,WR,5,226,373,305.67,60.64,,,,,28.46,0.3999921858879579
475,,Zane Gonzalez,SF,K43,K,9,252,346,306.00,39.63,,,,,,
476,,Andy Dalton,CAR,QB48,QB,7,320,377,352.00,18.42,,,15.16,9.116753808236787,27.044000000000004,0.04952926079721033
477,,Aidan O'Connell,LV,QB49,QB,13,315,397,352.17,28.40,,,,,15.895999999999999,0.029112451177061703
478,,Sammy Watkins,FA,WR166,WR,,216,306,261.00,45.00,,,,,,
479,,Tommy Tremble,CAR,TE63,TE,7,272,386,343.60,42.33,,,3.0235294117647054,3.7347237869360415,37.6,0.43809819164353975
480,,Jalen Reagor,MIN,WR167,WR,13,292,372,334.75,36.11,,,,,11.57,0.3690592907960749
481,,Davis Mills,HOU,QB50,QB,7,280,369,335.50,34.49,,,14.70133333333333,6.963847321977236,29.998000000000005,0.054939312431397574
482,,Tyler Badie,DEN,RB127,RB,9,304,388,348.60,28.18,,,,,27.549999999999997,0.4858985801514229
483,,Erik Ezukanma,MIA,WR168,WR,10,290,372,348.80,31.26,,,,,13.41,0.37242912661425515
484,,Trey Sermon,PHI,RB128,RB,10,312,369,350.40,20.23,,,,,15.770000000000001,0.46432430518502965
485,,Anthony McFarland Jr.,PIT,RB129,RB,6,313,372,358.67,20.88,,,,,31.03,0.4922719652858073
486,,Brock Wright,DET,TE64,TE,9,323,391,365.71,19.83,,,,,47.769999999999996,0.45672386026902523
487,,Malik Willis,TEN,QB51,QB,7,338,397,370.13,22.07,,,,,13.672,0.025039345275087315
488,,Carson Wentz,FA,QB52,QB,,314,360,343.75,18.39,,,,,,
489,,Jaleel McLaughlin,DEN,RB130,RB,9,307,361,326.00,24.78,,,,,14.49,0.4619800715723825
490,,Ronnie Rivers,LAR,RB131,RB,10,301,357,328.33,22.88,,,,,12.139999999999999,0.4576762051741632
491,,Jarrett Stidham,DEN,QB53,QB,9,320,391,357.40,23.08,,,10.128,14.162186271900254,26.146,0.04788463440333763
492,,Ashton Dulin,IND,WR169,WR,11,297,396,360.40,33.34,,,,,13.549999999999999,0.37268552716563846
493,,Elliott Fry,FA,K44,K,,251,361,306.00,55.00,,,,,,
494,,Damien Williams,LV,RB132,RB,13,330,392,352.75,25.03,,,,,25.25,0.4816862853786975
495,,Travis Homer,CHI,RB133,RB,13,326,388,361.80,21.28,,,,,27.48,0.48577037987573124
496,,Teagan Quitoriano,HOU,TE65,TE,7,274,374,338.00,45.37,,,,,32.99,0.4296552877729903
497,,Dare Ogunbowale,HOU,RB134,RB,7,331,383,354.50,23.76,,,,,29.97,0.4903306468253339
498,,Quintez Cephus,DET,WR170,WR,9,296,328,312.00,16.00,,,,,3.1100000000000003,0.35356537176248526
499,,Elijah Dotson,LAC,RB135,RB,5,304,320,312.00,8.00,,,,,18.979999999999997,0.47020320354174633
500,,Danny Gray,SF,WR171,WR,9,327,390,363.60,23.38,,,,,9.62,0.36548799740180776
501,,Mark Ingram II,FA,RB136,RB,,328,392,356.00,22.98,,,,,,
502,,Elijah Higgins,MIA,TE66,TE,10,348,386,368.00,12.20,,,,,32.44,0.428647999892556
503,,Alec Ingold,MIA,RB137,RB,10,329,385,350.00,24.91,,,,,21.650000000000006,0.4750931283431275
504,,Derius Davis,LAC,WR172,WR,5,286,373,329.50,43.50,,,,,22.95,0.38990099275851586
505,,Marcus Mariota,PHI,QB54,QB,10,278,382,330.00,52.00,,,17.196923076923078,7.281034020677037,27.708000000000002,0.05074533198377112
506,,Equanimeous St. Brown,CHI,WR173,WR,13,340,378,364.50,14.59,,,3.98125,3.611319011109376,22.96,0.3899193070836147
507,,Joshua Dobbs,ARI,QB55,QB,14,320,346,333.00,13.00,,,,,19.958,0.03655173003219663
508,,Patrick Ricard,BAL,RB138,RB,13,334,343,338.50,4.50,,,,,14.96,0.46284084485202637
509,,James Mitchell,DET,TE67,TE,9,344,383,361.00,16.31,,,,,24.07,0.4133189097848555
510,,Brandon Powell,MIN,WR174,WR,13,343,395,375.80,17.50,,,,,27.189999999999998,0.39766626660040955
511,,Keith Kirkwood,NO,WR175,WR,11,311,375,343.00,32.00,,,,,21.89,0.38795967429804246
512,,O.J. Howard,FA,TE68,TE,,294,394,344.00,50.00,,,,,,
513,,Jimmy Graham,NO,TE69,TE,11,339,349,344.00,5.00,,,,,35.96,0.43509464232733563
514,,John Bates,WAS,TE70,TE,14,346,385,364.00,16.06,,,,,27.65,0.419875438170228
515,,Lew Nichols III,GB,RB139,RB,6,339,364,351.50,12.50,,,,,19.84,0.47177823550024367
516,,Kendall Hinton,DEN,WR176,WR,9,311,396,353.50,42.50,,,4.7,3.8023915919039446,23.35,0.3906335657624681
517,,Josiah Deguara,GB,TE71,TE,6,332,393,368.67,26.39,,,,,42.769999999999996,0.4475666977196224
518,,Mike Davis,FA,RB140,RB,,352,359,355.50,3.50,,,,,,
519,,Skylar Thompson,MIA,QB56,QB,10,349,367,358.00,9.00,,,,,11.088,0.020306923669555894
520,,Racey McMath,TEN,WR177,WR,7,350,372,361.00,11.00,,,,,4.760000000000001,0.35658723540378817
521,,Eric Saubert,MIA,TE72,TE,10,356,394,373.67,15.63,,,,,31.71,0.42731105416034315
522,,Hendon Hooker,DET,QB57,QB,9,360,364,362.00,2.00,,,,,21.461999999999996,0.03930620452705695
523,,Charlie Kolar,BAL,TE73,TE,13,336,391,363.50,27.50,,,,,30.430000000000003,0.424966820547696
524,,C.J. Ham,MIN,RB141,RB,13,363,368,365.50,2.50,,,,,16.650000000000002,0.4659359657937246
525,,Payne Durham,TB,TE74,TE,5,348,384,366.00,18.00,,,,,30.250000000000004,0.4246371626959175
526,,Stetson Bennett,LAR,QB58,QB,10,348,397,377.33,21.14,,,,,21.048000000000002,0.03854799146796642
527,,Zack Kuntz,NYJ,TE75,TE,7,357,394,375.50,18.50,,,,,20.54,0.40685395302497707
528,,Dan Arnold,PHI,TE76,TE,10,373,379,376.00,3.00,,,,,25.12,0.41524191392023013
529,,Josh Whyle,TEN,TE77,TE,7,371,391,381.00,10.00,,,,,23.83,0.4128793659824842
530,,Trevor Siemian,CIN,QB59,QB,7,373,391,382.00,9.00,,,,,23.222,0.04252952574444675
